<?xml version="1.0" encoding="UTF-8"?>
<kml xmlns="http://www.opengis.net/kml/2.2" xmlns:gx="http://www.google.com/kml/ext/2.2" xmlns:kml="http://www.opengis.net/kml/2.2" xmlns:atom="http://www.w3.org/2005/Atom">
<Document id="document">
	<name>shinnecock_hills</name>
	<gx:CascadingStyle kml:id="__managed_style_0B62E1DD0D402FE367CE_highlight">
		<styleUrl>https://earth.google.com/balloon_components/base/1.1.0.0/card_template.kml#main</styleUrl>
		<Style>
			<IconStyle>
				<scale>1.2</scale>
				<Icon>
					<href>https://earth.google.com/earth/document/icon?color=1976d2&amp;id=2000&amp;scale=4</href>
				</Icon>
				<hotSpot x="64" y="128" xunits="pixels" yunits="insetPixels"/>
			</IconStyle>
			<LineStyle>
				<color>ff2dc0fb</color>
				<width>3</width>
			</LineStyle>
			<PolyStyle>
				<color>40ffffff</color>
			</PolyStyle>
		</Style>
	</gx:CascadingStyle>
	<gx:CascadingStyle kml:id="__managed_style_0B62E1DD0D402FE367CE_normal">
		<styleUrl>https://earth.google.com/balloon_components/base/1.1.0.0/card_template.kml#main</styleUrl>
		<Style>
			<IconStyle>
				<Icon>
					<href>https://earth.google.com/earth/document/icon?color=1976d2&amp;id=2000&amp;scale=4</href>
				</Icon>
				<hotSpot x="64" y="128" xunits="pixels" yunits="insetPixels"/>
			</IconStyle>
			<LineStyle>
				<color>ff2dc0fb</color>
				<width>2</width>
			</LineStyle>
			<PolyStyle>
				<color>40ffffff</color>
			</PolyStyle>
		</Style>
	</gx:CascadingStyle>
	<StyleMap id="__managed_style_0B62E1DD0D402FE367CE">
		<Pair>
			<key>normal</key>
			<styleUrl>#__managed_style_0B62E1DD0D402FE367CE_normal</styleUrl>
		</Pair>
		<Pair>
			<key>highlight</key>
			<styleUrl>#__managed_style_0B62E1DD0D402FE367CE_highlight</styleUrl>
		</Pair>
	</StyleMap>
	<Placemark id="022025A13B402FE367B4">
		<name>shinnecock_hills_hole_1_tee</name>
		<LookAt>
			<longitude>-72.44081606662719</longitude>
			<latitude>40.89431222521289</latitude>
			<altitude>18.83276328259576</altitude>
			<heading>205.5163644722303</heading>
			<tilt>0</tilt>
			<gx:fovy>30.00000000001827</gx:fovy>
			<range>269.8560940178141</range>
			<altitudeMode>absolute</altitudeMode>
		</LookAt>
		<styleUrl>#__managed_style_0B62E1DD0D402FE367CE</styleUrl>
		<Polygon>
			<outerBoundaryIs>
				<LinearRing>
					<coordinates>
						-72.44060278520283,40.89407805357304,0 -72.44050940555111,40.89411495740094,0 -72.44042334406605,40.89415345076006,0 -72.44036462006417,40.89421020155875,0 -72.44043297942544,40.89425919197598,0 -72.44064210134871,40.89428628583487,0 -72.4407974800308,40.89430485456167,0 -72.44088157911185,40.89428413293131,0 -72.44095061139375,40.89423166011582,0 -72.44095896134782,40.89417981135858,0 -72.44090603726107,40.89413640208468,0 -72.44081101314448,40.8941187550361,0 -72.44071886929521,40.8941165815537,0 -72.44066008204715,40.89410061529652,0 -72.44060278520283,40.89407805357304,0 
					</coordinates>
				</LinearRing>
			</outerBoundaryIs>
		</Polygon>
	</Placemark>
	<Placemark id="08042A92C2402FE4A434">
		<name>shinnecock_hills_hole_1_bunker</name>
		<LookAt>
			<longitude>-72.44247963785718</longitude>
			<latitude>40.89470583593283</latitude>
			<altitude>7.483633654082507</altitude>
			<heading>205.5154206792919</heading>
			<tilt>0</tilt>
			<gx:fovy>30.00000000001827</gx:fovy>
			<range>59.70736754191421</range>
			<altitudeMode>absolute</altitudeMode>
		</LookAt>
		<styleUrl>#__managed_style_0B62E1DD0D402FE367CE</styleUrl>
		<Polygon>
			<outerBoundaryIs>
				<LinearRing>
					<coordinates>
						-72.44256933599365,40.89466359490295,0 -72.4425576291143,40.89464023356845,0 -72.44252531668181,40.89462590199737,0 -72.44248462558807,40.89462433738014,0 -72.44246035498129,40.89464289681228,0 -72.44245264614939,40.89467593362885,0 -72.44245409456968,40.89471142766816,0 -72.4424758518693,40.89473021537387,0 -72.4425027327716,40.89473877973662,0 -72.44252636819367,40.89474063153364,0 -72.44255443604783,40.89472037187155,0 -72.44255422848879,40.89468302314808,0 -72.44256933599365,40.89466359490295,0 
					</coordinates>
				</LinearRing>
			</outerBoundaryIs>
		</Polygon>
	</Placemark>
	<Placemark id="0E71E2F058402FE5506C">
		<name>shinnecock_hills_hole_1_bunker</name>
		<LookAt>
			<longitude>-72.44251216607832</longitude>
			<latitude>40.89489380046164</latitude>
			<altitude>8.760313646327944</altitude>
			<heading>289.7140175983376</heading>
			<tilt>0</tilt>
			<gx:fovy>30.00000000001827</gx:fovy>
			<range>121.8643060273644</range>
			<altitudeMode>absolute</altitudeMode>
		</LookAt>
		<styleUrl>#__managed_style_0B62E1DD0D402FE367CE</styleUrl>
		<Polygon>
			<outerBoundaryIs>
				<LinearRing>
					<coordinates>
						-72.44254357708952,40.89503230608527,0 -72.44255576010121,40.89505437251042,0 -72.44258518871129,40.89507074395718,0 -72.44262352799983,40.89507875115434,0 -72.44266066864792,40.8950822844113,0 -72.44269093671268,40.89504998320331,0 -72.44266823643191,40.89500585253163,0 -72.44264225957454,40.8949617411821,0 -72.44265237449629,40.89491044962752,0 -72.44260024751118,40.89488556950003,0 -72.44254318064772,40.89488762267764,0 -72.44250712102048,40.89490761184774,0 -72.44249954975719,40.8949561178098,0 -72.44251936576397,40.89497579551831,0 -72.44253342381901,40.89499708230868,0 -72.44254357708952,40.89503230608527,0 
					</coordinates>
				</LinearRing>
			</outerBoundaryIs>
		</Polygon>
	</Placemark>
	<Placemark id="0A23835DB8402FE5A61F">
		<name>shinnecock_hills_hole_1_bunker</name>
		<LookAt>
			<longitude>-72.44324207118902</longitude>
			<latitude>40.89510162905605</latitude>
			<altitude>7.749822756672778</altitude>
			<heading>289.7134635203769</heading>
			<tilt>0</tilt>
			<gx:fovy>30.00000000001827</gx:fovy>
			<range>103.7628095257787</range>
			<altitudeMode>absolute</altitudeMode>
		</LookAt>
		<styleUrl>#__managed_style_0B62E1DD0D402FE367CE</styleUrl>
		<Polygon>
			<outerBoundaryIs>
				<LinearRing>
					<coordinates>
						-72.4433282797531,40.89516213465611,0 -72.44330791859261,40.89513930228882,0 -72.44324152478893,40.89508492641244,0 -72.44319855571767,40.89506310554433,0 -72.44316082573368,40.89506294540278,0 -72.44314534124592,40.8950868139363,0 -72.44316003960571,40.89511487949288,0 -72.44320714481864,40.89514436100297,0 -72.4432440534371,40.89516950304301,0 -72.4432673361498,40.89517952200348,0 -72.44330049881086,40.89518665788997,0 -72.44332048482337,40.89517738556565,0 -72.4433282797531,40.89516213465611,0 
					</coordinates>
				</LinearRing>
			</outerBoundaryIs>
		</Polygon>
	</Placemark>
	<Placemark id="00B8F34DB3402FE5F018">
		<name>shinnecock_hills_hole_1_bunker</name>
		<LookAt>
			<longitude>-72.44354705737986</longitude>
			<latitude>40.89541146317259</latitude>
			<altitude>7.967701292502404</altitude>
			<heading>289.7132381335848</heading>
			<tilt>0</tilt>
			<gx:fovy>30.00000000001827</gx:fovy>
			<range>57.77241463136306</range>
			<altitudeMode>absolute</altitudeMode>
		</LookAt>
		<styleUrl>#__managed_style_0B62E1DD0D402FE367CE</styleUrl>
		<Polygon>
			<outerBoundaryIs>
				<LinearRing>
					<coordinates>
						-72.44358368400408,40.89544237661154,0 -72.44358901925111,40.8954232897212,0 -72.44357424416079,40.89539961397448,0 -72.44353297450392,40.89537356383898,0 -72.44350409426612,40.89534500218615,0 -72.4434845445552,40.89533620872164,0 -72.44345045653195,40.89534659539868,0 -72.44344657643551,40.89537813133967,0 -72.4434584255732,40.89539567661773,0 -72.44349429320505,40.89541703731938,0 -72.44350915369684,40.89543884923732,0 -72.44351977198816,40.89545287316763,0 -72.44354313349312,40.89545716699095,0 -72.44356197874001,40.8954539567379,0 -72.44358368400408,40.89544237661154,0 
					</coordinates>
				</LinearRing>
			</outerBoundaryIs>
		</Polygon>
	</Placemark>
	<Placemark id="0AD307F6D3402FE64874">
		<name>shinnecock_hills_hole_1_bunker</name>
		<LookAt>
			<longitude>-72.44406684308335</longitude>
			<latitude>40.8956789425745</latitude>
			<altitude>8.214993305345331</altitude>
			<heading>289.7128452515684</heading>
			<tilt>0</tilt>
			<gx:fovy>30.00000000001827</gx:fovy>
			<range>31.69481665649983</range>
			<altitudeMode>absolute</altitudeMode>
		</LookAt>
		<styleUrl>#__managed_style_0B62E1DD0D402FE367CE</styleUrl>
		<Polygon>
			<outerBoundaryIs>
				<LinearRing>
					<coordinates>
						-72.44407145915831,40.89567921249749,0 -72.4440574423699,40.89566843320669,0 -72.44401680216346,40.89564817618714,0 -72.44399614279727,40.89564510852529,0 -72.44398544078487,40.89565058473018,0 -72.44398646655794,40.89566501713113,0 -72.44399636307477,40.89567504206477,0 -72.44401571830262,40.89568628542175,0 -72.44402202131128,40.89569845917283,0 -72.44404316712901,40.89571751927477,0 -72.44405586761127,40.89572104304161,0 -72.44407642141016,40.89572027229372,0 -72.44408503487074,40.89572104924656,0 -72.44409553613114,40.89571503330669,0 -72.44410217539385,40.89570295834167,0 -72.44409330140847,40.89569071010965,0 -72.44407953207347,40.89568568177283,0 -72.44407145915831,40.89567921249749,0 
					</coordinates>
				</LinearRing>
			</outerBoundaryIs>
		</Polygon>
	</Placemark>
	<Placemark id="0C73814080402FE68A04">
		<name>shinnecock_hills_hole_1_bunker</name>
		<LookAt>
			<longitude>-72.44417596993476</longitude>
			<latitude>40.89550914309894</latitude>
			<altitude>8.891708692086528</altitude>
			<heading>289.7127587479916</heading>
			<tilt>0</tilt>
			<gx:fovy>30.00000000001827</gx:fovy>
			<range>38.46031734881763</range>
			<altitudeMode>absolute</altitudeMode>
		</LookAt>
		<styleUrl>#__managed_style_0B62E1DD0D402FE367CE</styleUrl>
		<Polygon>
			<outerBoundaryIs>
				<LinearRing>
					<coordinates>
						-72.44426648492228,40.89547254663973,0 -72.44426275345678,40.89544388799649,0 -72.44423480322143,40.89542086849799,0 -72.44418675827177,40.89540200286011,0 -72.44414492692054,40.89539458738937,0 -72.44410870817791,40.89540421207027,0 -72.4441024597435,40.89542531921003,0 -72.44410288625227,40.89544628151592,0 -72.44412901921685,40.89546484964332,0 -72.4441534525311,40.89547647823169,0 -72.44418421425442,40.89548164149857,0 -72.44421683323303,40.89548934682845,0 -72.44423933357257,40.89549151940691,0 -72.44425536775468,40.89548487503015,0 -72.44426648492228,40.89547254663973,0 
					</coordinates>
				</LinearRing>
			</outerBoundaryIs>
		</Polygon>
	</Placemark>
	<Placemark id="0CD658B452402FE6F540">
		<name>shinnecock_hills_hole_1_green</name>
		<LookAt>
			<longitude>-72.44412367363033</longitude>
			<latitude>40.89556660773773</latitude>
			<altitude>8.750651252592503</altitude>
			<heading>-70.28716119078774</heading>
			<tilt>0.06074367498085563</tilt>
			<gx:fovy>30.00000000001827</gx:fovy>
			<range>87.99263765019532</range>
			<altitudeMode>absolute</altitudeMode>
		</LookAt>
		<styleUrl>#__managed_style_0B62E1DD0D402FE367CE</styleUrl>
		<Polygon>
			<outerBoundaryIs>
				<LinearRing>
					<coordinates>
						-72.44424142858668,40.89550823112028,0 -72.44420310031778,40.89550285803928,0 -72.44415375347037,40.89549249735231,0 -72.44412167938373,40.89547561710698,0 -72.44408626611357,40.89545692457187,0 -72.44405486746535,40.89545797992045,0 -72.44402288256647,40.89548292769659,0 -72.44399273876203,40.89551605468369,0 -72.44396821318884,40.8955533448959,0 -72.4439537300443,40.89559827630492,0 -72.44396664834528,40.8956243782658,0 -72.44399870102856,40.89563482538213,0 -72.44406266174663,40.89565971838253,0 -72.44410588890048,40.89568864153929,0 -72.444114140726,40.89571302704405,0 -72.44412540094726,40.89572855183323,0 -72.44416836036623,40.89573858772332,0 -72.44426292100788,40.89572224413923,0 -72.44433346866084,40.89568741209059,0 -72.44436267070438,40.89565065130797,0 -72.44437087163286,40.89559670831071,0 -72.44436108127809,40.89553417695085,0 -72.44434108609701,40.89550174826287,0 -72.44429951568372,40.89549265346919,0 -72.4442674712525,40.89549998137944,0 -72.44424142858668,40.89550823112028,0 
					</coordinates>
				</LinearRing>
			</outerBoundaryIs>
		</Polygon>
	</Placemark>
	<Placemark id="067EB600AF402FE88744">
		<name>shinnecock_hills_hole_1_fairway</name>
		<LookAt>
			<longitude>-72.44204184911416</longitude>
			<latitude>40.89404731330302</latitude>
			<altitude>11.64966359604271</altitude>
			<heading>284.2588564009939</heading>
			<tilt>0</tilt>
			<gx:fovy>30.00000000001827</gx:fovy>
			<range>101.7688870080565</range>
			<altitudeMode>absolute</altitudeMode>
		</LookAt>
		<styleUrl>#__managed_style_0B62E1DD0D402FE367CE</styleUrl>
		<Polygon>
			<outerBoundaryIs>
				<LinearRing>
					<coordinates>
						-72.44172548423975,40.89429297728313,0 -72.44181834769033,40.89439708410225,0 -72.44200143999718,40.89449284742911,0 -72.44214090866886,40.89460468232586,0 -72.44219549081259,40.89471611531851,0 -72.44245248088833,40.89476673583051,0 -72.44244610356547,40.89471923985256,0 -72.44242894219929,40.89466752220872,0 -72.44243806152647,40.8946304602993,0 -72.44247774084181,40.89460823501659,0 -72.44254069282155,40.8946058100912,0 -72.4425875094508,40.89463886317822,0 -72.44259694271582,40.89468678766546,0 -72.44260809243697,40.89480410935501,0 -72.44263945247151,40.89486488834179,0 -72.4427116975389,40.89491413001605,0 -72.4429002203469,40.89503452251888,0 -72.44301342153125,40.89510022287271,0 -72.44307952611835,40.89510742076014,0 -72.44311668161201,40.89509113291307,0 -72.44316960992478,40.89505058510925,0 -72.44323156337033,40.89506341941495,0 -72.44333599711922,40.89514639920298,0 -72.44333523973646,40.89517457528385,0 -72.44330251852385,40.8952072639954,0 -72.44330171726611,40.89526413703324,0 -72.44332771025704,40.8953060958355,0 -72.44338113198675,40.89533394856686,0 -72.44343387704927,40.89533887100331,0 -72.44348320220062,40.89532635162803,0 -72.44353005959141,40.89535677819823,0 -72.44357077778972,40.89538700915035,0 -72.44360225157197,40.89542957365023,0 -72.44361678520409,40.89548073038971,0 -72.44372339925138,40.89559052419877,0 -72.44388378461643,40.89574905808107,0 -72.44397972510583,40.89581476144633,0 -72.44409133483525,40.89585049717279,0 -72.44429009576373,40.89586515774174,0 -72.44439655681462,40.89585061044687,0 -72.44449689414307,40.89580453816976,0 -72.4446224880795,40.89570234419566,0 -72.44467379093955,40.8956346884197,0 -72.44471153244628,40.89559456747553,0 -72.444762582236,40.89556655306101,0 -72.44473656653713,40.89550722123037,0 -72.44461874941723,40.8955218173021,0 -72.44454936485943,40.89549781354692,0 -72.44444858900512,40.89543282951175,0 -72.44425627464088,40.89534317293511,0 -72.44406701993789,40.89525427227285,0 -72.4439896198294,40.89521185500534,0 -72.44381645704902,40.8950828727055,0 -72.44364854322534,40.89495082910555,0 -72.44343972672091,40.89475817437079,0 -72.44330632731153,40.89463673761068,0 -72.44318102220868,40.89452088674736,0 -72.44297449357667,40.8943779927274,0 -72.44283055719846,40.89429905707384,0 -72.4427114639813,40.89425016166155,0 -72.44258743854225,40.8942107343397,0 -72.44230321571628,40.89414624632826,0 -72.44213006675983,40.89410061854809,0 -72.4420198119108,40.89408817524657,0 -72.44188515482409,40.89409693696665,0 -72.44178858212973,40.89412302182211,0 -72.44172177054584,40.89419091287841,0 -72.44170867682699,40.89425511544876,0 -72.44172548423975,40.89429297728313,0 
					</coordinates>
				</LinearRing>
			</outerBoundaryIs>
		</Polygon>
	</Placemark>
	<Placemark id="009C800AEE4030094717">
		<name>shinnecock_hills_hole_2_tee</name>
		<LookAt>
			<longitude>-72.44488444823646</longitude>
			<latitude>40.89505779125869</latitude>
			<altitude>7.902380136122189</altitude>
			<heading>350.5227903447795</heading>
			<tilt>0</tilt>
			<gx:fovy>30.00000000001827</gx:fovy>
			<range>62.19977648346685</range>
			<altitudeMode>absolute</altitudeMode>
		</LookAt>
		<styleUrl>#__managed_style_0B62E1DD0D402FE367CE</styleUrl>
		<Polygon>
			<outerBoundaryIs>
				<LinearRing>
					<coordinates>
						-72.44500448316698,40.89504308252351,0 -72.4449965338538,40.89497632696504,0 -72.44493423973918,40.89497724536728,0 -72.44493830519717,40.89504563752507,0 -72.44500448316698,40.89504308252351,0 
					</coordinates>
				</LinearRing>
			</outerBoundaryIs>
		</Polygon>
	</Placemark>
	<Placemark id="0A89B733BB40300BBD6C">
		<name>shinnecock_hills_hole_2_fairway</name>
		<LookAt>
			<longitude>-72.44499595080993</longitude>
			<latitude>40.89531984396648</latitude>
			<altitude>7.363482460138336</altitude>
			<heading>350.5227169331444</heading>
			<tilt>0</tilt>
			<gx:fovy>30.00000000001827</gx:fovy>
			<range>103.0799742710406</range>
			<altitudeMode>absolute</altitudeMode>
		</LookAt>
		<styleUrl>#__managed_style_0B62E1DD0D402FE367CE</styleUrl>
		<Polygon>
			<outerBoundaryIs>
				<LinearRing>
					<coordinates>
						-72.44487836261339,40.89518934450999,0 -72.44486204683763,40.89526226896476,0 -72.44485913117529,40.89536518054446,0 -72.44486000368154,40.89542398926194,0 -72.44481356503945,40.89547257961669,0 -72.44473753547405,40.89550726750224,0 -72.44476311350539,40.89556639662919,0 -72.44480790209496,40.89556163186656,0 -72.44484311906132,40.89556651001986,0 -72.4448610542632,40.89557781562776,0 -72.4448726529708,40.89559631912177,0 -72.44489168979061,40.89563099564481,0 -72.44488331190041,40.89570325315956,0 -72.44485826614303,40.89573996930805,0 -72.44481618484082,40.89577322842051,0 -72.44482007305018,40.89583319843983,0 -72.44484011561607,40.89589867071407,0 -72.44488636984593,40.89596203736166,0 -72.44493929001078,40.89605005187077,0 -72.44495965744134,40.896135394018,0 -72.44495119992064,40.8962047375289,0 -72.44491988300194,40.8962679433569,0 -72.44486064094215,40.89631666876581,0 -72.44478340995477,40.89637656944565,0 -72.4447260249184,40.89644925623197,0 -72.44470717113377,40.8965224310223,0 -72.44469996143961,40.89662260070865,0 -72.44470781059985,40.89673403595242,0 -72.44473921705068,40.89683520659383,0 -72.44476087413628,40.89689944316041,0 -72.4448130128536,40.89697467660245,0 -72.44485602615377,40.89706982690727,0 -72.44488048836809,40.89719106115564,0 -72.44488726700786,40.89729677684792,0 -72.4448897430614,40.89733798496605,0 -72.44494029276703,40.89737459566088,0 -72.44503906947827,40.89738768033248,0 -72.44514855889277,40.89737076120394,0 -72.44526461693852,40.89734442398888,0 -72.44537146745436,40.89730402049891,0 -72.4454680632779,40.89726007188086,0 -72.44555577640412,40.89723328080458,0 -72.44561268213143,40.89692388395699,0 -72.44553651311419,40.896932876876,0 -72.44546303814428,40.89696626213202,0 -72.44539447445722,40.89702765513232,0 -72.44536958644524,40.89705738548226,0 -72.44533169258649,40.89705108676731,0 -72.44530264454136,40.89702533006797,0 -72.44528945187811,40.8969822432023,0 -72.44528676545958,40.89694458655869,0 -72.4453149296274,40.89691590526844,0 -72.4453400674843,40.89688792367731,0 -72.44531994081122,40.89684412261438,0 -72.44528292856209,40.89679925320869,0 -72.44522779422718,40.89677830444725,0 -72.44515849777218,40.89676968774217,0 -72.44511694635004,40.8967638470221,0 -72.44509059095473,40.89673870387667,0 -72.44508512325997,40.89671228872732,0 -72.44509756967844,40.8966903841666,0 -72.44509250856989,40.89666304718878,0 -72.445064432419,40.89663214086831,0 -72.44503698988814,40.89660230510871,0 -72.44504998496944,40.89656886634329,0 -72.44506846293571,40.89655203047216,0 -72.44510404522838,40.89654322875383,0 -72.44513091051908,40.89652938884505,0 -72.44515854960159,40.89648592839913,0 -72.44516746701572,40.89645790459271,0 -72.4451373487623,40.89639195118784,0 -72.4450986701064,40.89633110040079,0 -72.44507364570303,40.89628301113293,0 -72.44507330455723,40.89621561199096,0 -72.44507484457968,40.89608453718882,0 -72.44507250870294,40.89602547281459,0 -72.44506467547789,40.89589724003137,0 -72.44505122118311,40.89576256726757,0 -72.44505062839011,40.89567007687062,0 -72.44506692956172,40.89561894212873,0 -72.4450989494168,40.89556988649616,0 -72.44510133744737,40.89551840427031,0 -72.44506445613214,40.89536790775441,0 -72.44504472901453,40.89526793830237,0 -72.44504520204035,40.89520790529054,0 -72.4450335323656,40.89517243873119,0 -72.44499258989389,40.89515857673769,0 -72.44494281332805,40.8951562868841,0 -72.44490119418292,40.89516614112075,0 -72.44487836261339,40.89518934450999,0 
					</coordinates>
				</LinearRing>
			</outerBoundaryIs>
		</Polygon>
	</Placemark>
	<Placemark id="04FDC8F43540300C021F">
		<name>shinnecock_hills_hole_2_tee</name>
		<LookAt>
			<longitude>-72.44503306862991</longitude>
			<latitude>40.89528744865996</latitude>
			<altitude>7.440758630473281</altitude>
			<heading>350.5226879814692</heading>
			<tilt>0</tilt>
			<gx:fovy>30.00000000001827</gx:fovy>
			<range>103.0027001547751</range>
			<altitudeMode>absolute</altitudeMode>
		</LookAt>
		<styleUrl>#__managed_style_0B62E1DD0D402FE367CE</styleUrl>
		<Polygon>
			<outerBoundaryIs>
				<LinearRing>
					<coordinates>
						-72.44502802961611,40.8953744536506,0 -72.44501572797633,40.89519451155062,0 -72.44493780309152,40.89519576013003,0 -72.44494542281123,40.89537688708918,0 -72.44502802961611,40.8953744536506,0 
					</coordinates>
				</LinearRing>
			</outerBoundaryIs>
		</Polygon>
	</Placemark>
	<Placemark id="00D48E8F7240300C2A10">
		<name>shinnecock_hills_hole_2_tee</name>
		<LookAt>
			<longitude>-72.44508597667837</longitude>
			<latitude>40.8955437943837</latitude>
			<altitude>6.804587467176395</altitude>
			<heading>350.5226520767413</heading>
			<tilt>0</tilt>
			<gx:fovy>30.00000000001827</gx:fovy>
			<range>103.6388673132024</range>
			<altitudeMode>absolute</altitudeMode>
		</LookAt>
		<styleUrl>#__managed_style_0B62E1DD0D402FE367CE</styleUrl>
		<Polygon>
			<outerBoundaryIs>
				<LinearRing>
					<coordinates>
						-72.44505151677846,40.89556897435967,0 -72.44503860656957,40.89543815919625,0 -72.4449597109837,40.89544175446221,0 -72.44497018146949,40.89557487099672,0 -72.44505151677846,40.89556897435967,0 
					</coordinates>
				</LinearRing>
			</outerBoundaryIs>
		</Polygon>
	</Placemark>
	<Placemark id="0CA946E3F540300C585E">
		<name>shinnecock_hills_hole_2_tee</name>
		<LookAt>
			<longitude>-72.44496707626537</longitude>
			<latitude>40.89580736265381</latitude>
			<altitude>5.109299209698395</altitude>
			<heading>350.522726607218</heading>
			<tilt>0</tilt>
			<gx:fovy>30.00000000001827</gx:fovy>
			<range>105.3341580519736</range>
			<altitudeMode>absolute</altitudeMode>
		</LookAt>
		<styleUrl>#__managed_style_0B62E1DD0D402FE367CE</styleUrl>
		<Polygon>
			<outerBoundaryIs>
				<LinearRing>
					<coordinates>
						-72.44492587503825,40.89581672147501,0 -72.44491246176925,40.8957534694397,0 -72.44484431777046,40.89576066016124,0 -72.44486047693296,40.89582377132103,0 -72.44492587503825,40.89581672147501,0 
					</coordinates>
				</LinearRing>
			</outerBoundaryIs>
		</Polygon>
	</Placemark>
	<Placemark id="0AA8132A2240300E247C">
		<name>shinnecock_hills_hole_2_bunker</name>
		<LookAt>
			<longitude>-72.4453161410695</longitude>
			<latitude>40.89701359474543</latitude>
			<altitude>9.386298182559143</altitude>
			<heading>350.5226302833225</heading>
			<tilt>0</tilt>
			<gx:fovy>30.00000000001827</gx:fovy>
			<range>50.93424637065255</range>
			<altitudeMode>absolute</altitudeMode>
		</LookAt>
		<styleUrl>#__managed_style_0B62E1DD0D402FE367CE</styleUrl>
		<Polygon>
			<outerBoundaryIs>
				<LinearRing>
					<coordinates>
						-72.44546638497323,40.89693579527161,0 -72.44545946086043,40.89692001361669,0 -72.44543132300804,40.89690881817288,0 -72.44540053946784,40.89691000646742,0 -72.44535622858064,40.89692062475534,0 -72.44533486997697,40.89692015679098,0 -72.44530840054921,40.89692715421519,0 -72.44529814305126,40.89693927669141,0 -72.4452946470204,40.896960857359,0 -72.44529727928824,40.89697324025633,0 -72.4452949075521,40.89698608940171,0 -72.44529855994243,40.89700532710926,0 -72.44530862256217,40.89702915737251,0 -72.4453325457996,40.89704699203244,0 -72.44536102855635,40.89704964029566,0 -72.44537049999633,40.89703810386474,0 -72.4453825296853,40.89703291675188,0 -72.44539190687694,40.89701235370016,0 -72.44540328564682,40.89700489037448,0 -72.44541431625674,40.89698309593421,0 -72.44544591319327,40.89696778825582,0 -72.44545727277026,40.89694868234801,0 -72.44546638497323,40.89693579527161,0 
					</coordinates>
				</LinearRing>
			</outerBoundaryIs>
		</Polygon>
	</Placemark>
	<Placemark id="007820887D40300E7509">
		<name>shinnecock_hills_hole_2_bunker</name>
		<LookAt>
			<longitude>-72.44504981240684</longitude>
			<latitude>40.89696154146595</latitude>
			<altitude>8.927028351626916</altitude>
			<heading>350.5228637869824</heading>
			<tilt>0</tilt>
			<gx:fovy>30.00000000001827</gx:fovy>
			<range>47.72390839173114</range>
			<altitudeMode>absolute</altitudeMode>
		</LookAt>
		<styleUrl>#__managed_style_0B62E1DD0D402FE367CE</styleUrl>
		<Polygon>
			<outerBoundaryIs>
				<LinearRing>
					<coordinates>
						-72.44497528978525,40.89699592330112,0 -72.44499066420205,40.89698563991981,0 -72.44501256597643,40.89698009896406,0 -72.44502088180582,40.89696718924975,0 -72.44502424645326,40.89694721466125,0 -72.44500680196505,40.89692879273015,0 -72.44497896286565,40.89692122069243,0 -72.44494693702055,40.89692808484239,0 -72.44492158834069,40.8969368053349,0 -72.44490672236375,40.89695494995964,0 -72.44490559467398,40.89697086727213,0 -72.44491460592165,40.89699089821931,0 -72.4449333398332,40.89699985044929,0 -72.444953925665,40.89700154722978,0 -72.44497528978525,40.89699592330112,0 
					</coordinates>
				</LinearRing>
			</outerBoundaryIs>
		</Polygon>
	</Placemark>
	<Placemark id="0C50E4F3AC40300EA901">
		<name>shinnecock_hills_hole_2_bunker</name>
		<LookAt>
			<longitude>-72.4450674878824</longitude>
			<latitude>40.8970613485696</latitude>
			<altitude>9.642890354268609</altitude>
			<heading>350.5228590086386</heading>
			<tilt>0</tilt>
			<gx:fovy>30.00000000001827</gx:fovy>
			<range>59.80439476723404</range>
			<altitudeMode>absolute</altitudeMode>
		</LookAt>
		<styleUrl>#__managed_style_0B62E1DD0D402FE367CE</styleUrl>
		<Polygon>
			<outerBoundaryIs>
				<LinearRing>
					<coordinates>
						-72.44498933451241,40.89714065232153,0 -72.44500597237594,40.89713881390475,0 -72.44502128833967,40.8971213940581,0 -72.44502689206092,40.89710125804908,0 -72.44501919374117,40.89707668602451,0 -72.44499867350086,40.89706802157937,0 -72.444970637624,40.8970674657791,0 -72.44495278966566,40.89707959424032,0 -72.44494332043173,40.89709989326528,0 -72.44494968798824,40.89711970834601,0 -72.44496172544902,40.89713416543309,0 -72.44498933451241,40.89714065232153,0 
					</coordinates>
				</LinearRing>
			</outerBoundaryIs>
		</Polygon>
	</Placemark>
	<Placemark id="0765AE85334030105394">
		<name>shinnecock_hills_hole_2_green</name>
		<LookAt>
			<longitude>-72.44514989382647</longitude>
			<latitude>40.89702783157519</latitude>
			<altitude>9.567297360891075</altitude>
			<heading>350.5228814210485</heading>
			<tilt>0</tilt>
			<gx:fovy>30.00000000001827</gx:fovy>
			<range>86.95854587715985</range>
			<altitudeMode>absolute</altitudeMode>
		</LookAt>
		<styleUrl>#__managed_style_0B62E1DD0D402FE367CE</styleUrl>
		<Polygon>
			<outerBoundaryIs>
				<LinearRing>
					<coordinates>
						-72.44530002717137,40.89704001461605,0 -72.44528623421662,40.89700105072148,0 -72.44528167076464,40.89694945288935,0 -72.44526729704285,40.89692395982109,0 -72.44523958738905,40.89691097297779,0 -72.44516187926668,40.89691638013542,0 -72.44508850558468,40.89693380785496,0 -72.44504556235741,40.89695702620287,0 -72.44502336574507,40.89698811481693,0 -72.44500701576992,40.89701941148136,0 -72.44501583851827,40.89705335022782,0 -72.44503958493851,40.89708228354314,0 -72.44503637010875,40.89711682408593,0 -72.44502253952696,40.8971419611669,0 -72.44499255319433,40.89715881594291,0 -72.44499191085545,40.89718196436562,0 -72.44501630087429,40.89721028136698,0 -72.44507980816583,40.89723690191219,0 -72.44513826346997,40.89724759887211,0 -72.44520572827825,40.89724210364979,0 -72.44527856434522,40.89722368983925,0 -72.44533177125189,40.89718836127575,0 -72.4453630427768,40.89714614912881,0 -72.44535615270087,40.89710402219601,0 -72.44533411417727,40.89706915271433,0 -72.44530002717137,40.89704001461605,0 
					</coordinates>
				</LinearRing>
			</outerBoundaryIs>
		</Polygon>
	</Placemark>
	<Placemark id="0F472FE522403010C57B">
		<name>shinnecock_hills_hole_2_bunker</name>
		<LookAt>
			<longitude>-72.44528381636533</longitude>
			<latitude>40.89678202498815</latitude>
			<altitude>9.429771612343441</altitude>
			<heading>350.4607562487224</heading>
			<tilt>0</tilt>
			<gx:fovy>30.00000000001827</gx:fovy>
			<range>70.91787403384842</range>
			<altitudeMode>absolute</altitudeMode>
		</LookAt>
		<styleUrl>#__managed_style_0B62E1DD0D402FE367CE</styleUrl>
		<Polygon>
			<outerBoundaryIs>
				<LinearRing>
					<coordinates>
						-72.44537756463912,40.89684738912018,0 -72.44538821590487,40.89682998841087,0 -72.44540273814657,40.89676989544888,0 -72.44540186707793,40.89675115666778,0 -72.44537434521901,40.89672150828106,0 -72.4453404273693,40.89673228966936,0 -72.44532775939528,40.89674579867052,0 -72.44532349418596,40.8967664495058,0 -72.44530068654709,40.89679151429779,0 -72.44530538028151,40.8968105215746,0 -72.44532756846701,40.89683277717818,0 -72.4453479227639,40.89684764479792,0 -72.44537756463912,40.89684738912018,0 
					</coordinates>
				</LinearRing>
			</outerBoundaryIs>
		</Polygon>
	</Placemark>
	<Placemark id="043DBD49EB4030110C3C">
		<name>shinnecock_hills_hole_2_bunker</name>
		<LookAt>
			<longitude>-72.44520416825678</longitude>
			<latitude>40.89669569911284</latitude>
			<altitude>7.871541028794951</altitude>
			<heading>-9.568501366625091</heading>
			<tilt>0.0607628649958027</tilt>
			<gx:fovy>30.00000000001827</gx:fovy>
			<range>72.46901169340163</range>
			<altitudeMode>absolute</altitudeMode>
		</LookAt>
		<styleUrl>#__managed_style_0B62E1DD0D402FE367CE</styleUrl>
		<Polygon>
			<outerBoundaryIs>
				<LinearRing>
					<coordinates>
						-72.44526239029756,40.8967577090588,0 -72.44528700814915,40.89674177412503,0 -72.44532532133984,40.89670839318936,0 -72.44533172586911,40.89666683209996,0 -72.44531284843207,40.89662868884001,0 -72.44530212379381,40.89661227476372,0 -72.44526793706629,40.89661719296094,0 -72.44524173357217,40.89663322704203,0 -72.44521103249039,40.89665232466904,0 -72.4451738384832,40.89666950888483,0 -72.44513331423754,40.89667795852102,0 -72.44511783322542,40.89668412369938,0 -72.44510474696146,40.89670942156994,0 -72.4451062523959,40.89673306440466,0 -72.44512135296385,40.89675280209897,0 -72.44514934515284,40.89675814287232,0 -72.44518183063198,40.89675473398539,0 -72.44520774799609,40.89675629793366,0 -72.44522996009809,40.89676253544996,0 -72.44526239029756,40.8967577090588,0 
					</coordinates>
				</LinearRing>
			</outerBoundaryIs>
		</Polygon>
	</Placemark>
	<Placemark id="02AFF253B540301146AE">
		<name>shinnecock_hills_hole_2_bunker</name>
		<LookAt>
			<longitude>-72.44508361698831</longitude>
			<latitude>40.89663173008708</latitude>
			<altitude>7.25230416312951</altitude>
			<heading>-9.568422430687219</heading>
			<tilt>0.06076286999825971</tilt>
			<gx:fovy>30.00000000001827</gx:fovy>
			<range>73.08824761549658</range>
			<altitudeMode>absolute</altitudeMode>
		</LookAt>
		<styleUrl>#__managed_style_0B62E1DD0D402FE367CE</styleUrl>
		<Polygon>
			<outerBoundaryIs>
				<LinearRing>
					<coordinates>
						-72.44514493085688,40.89662392488457,0 -72.4451789347535,40.89661855397331,0 -72.44519228115072,40.89660579869039,0 -72.44519707342374,40.89657872767033,0 -72.44517475602728,40.89656704208446,0 -72.44510311887805,40.89655903727091,0 -72.44507336936543,40.89655976817216,0 -72.44505326575008,40.89657295157959,0 -72.44504894001695,40.89659528519967,0 -72.44506280451527,40.8966184026918,0 -72.44507579115094,40.89663665948076,0 -72.4451018033391,40.89664276664543,0 -72.4451209967047,40.89664384420671,0 -72.44514493085688,40.89662392488457,0 
					</coordinates>
				</LinearRing>
			</outerBoundaryIs>
		</Polygon>
	</Placemark>
	<Placemark id="064B0F7A764030129C54">
		<name>shinnecock_hills_hole_3_tee</name>
		<LookAt>
			<longitude>-72.44582958393566</longitude>
			<latitude>40.89686186159259</latitude>
			<altitude>10.75163793026414</altitude>
			<heading>-9.568053725577784</heading>
			<tilt>0.06076324266815322</tilt>
			<gx:fovy>30.00000000001827</gx:fovy>
			<range>118.1818258634849</range>
			<altitudeMode>absolute</altitudeMode>
		</LookAt>
		<styleUrl>#__managed_style_0B62E1DD0D402FE367CE</styleUrl>
		<Polygon>
			<outerBoundaryIs>
				<LinearRing>
					<coordinates>
						-72.4460822841783,40.89671814357543,0 -72.44611395753306,40.8966491615105,0 -72.44604876862934,40.89663217378321,0 -72.44601644080208,40.89670076521657,0 -72.4460822841783,40.89671814357543,0 
					</coordinates>
				</LinearRing>
			</outerBoundaryIs>
		</Polygon>
	</Placemark>
	<Placemark id="046933A060403012CDE0">
		<name>shinnecock_hills_hole_3_tee</name>
		<LookAt>
			<longitude>-72.44577283480817</longitude>
			<latitude>40.89693711023498</latitude>
			<altitude>10.70601274387483</altitude>
			<heading>-9.568016553381019</heading>
			<tilt>0.06076324190639288</tilt>
			<gx:fovy>30.00000000001827</gx:fovy>
			<range>118.2274393790249</range>
			<altitudeMode>absolute</altitudeMode>
		</LookAt>
		<styleUrl>#__managed_style_0B62E1DD0D402FE367CE</styleUrl>
		<Polygon>
			<outerBoundaryIs>
				<LinearRing>
					<coordinates>
						-72.44577056942573,40.89692861073932,0 -72.44581097725938,40.89679547561898,0 -72.44571502696257,40.8967783619776,0 -72.44568687298525,40.89691578054818,0 -72.44577056942573,40.89692861073932,0 
					</coordinates>
				</LinearRing>
			</outerBoundaryIs>
		</Polygon>
	</Placemark>
	<Placemark id="0C4827DB6D403012EF4E">
		<name>shinnecock_hills_hole_3_tee</name>
		<LookAt>
			<longitude>-72.44570256899681</longitude>
			<latitude>40.89716457335852</latitude>
			<altitude>10.24154544379945</altitude>
			<heading>-9.567970574548117</heading>
			<tilt>0.060763244251655</tilt>
			<gx:fovy>30.00000000001827</gx:fovy>
			<range>118.6919184701947</range>
			<altitudeMode>absolute</altitudeMode>
		</LookAt>
		<styleUrl>#__managed_style_0B62E1DD0D402FE367CE</styleUrl>
		<Polygon>
			<outerBoundaryIs>
				<LinearRing>
					<coordinates>
						-72.44572160812218,40.89714836253195,0 -72.44576454955099,40.89697628990175,0 -72.44567132045633,40.89696417762229,0 -72.44563307102695,40.8971405678286,0 -72.44572160812218,40.89714836253195,0 
					</coordinates>
				</LinearRing>
			</outerBoundaryIs>
		</Polygon>
	</Placemark>
	<Placemark id="06EF28E29840301315E8">
		<name>shinnecock_hills_hole_3_tee</name>
		<LookAt>
			<longitude>-72.44483033790496</longitude>
			<latitude>40.89743105802181</latitude>
			<altitude>7.874619880886467</altitude>
			<heading>-9.629499500474754</heading>
			<tilt>0.06076339194300484</tilt>
			<gx:fovy>30.00000000001827</gx:fovy>
			<range>134.855280935717</range>
			<altitudeMode>absolute</altitudeMode>
		</LookAt>
		<styleUrl>#__managed_style_0B62E1DD0D402FE367CE</styleUrl>
		<Polygon>
			<outerBoundaryIs>
				<LinearRing>
					<coordinates>
						-72.44477673006703,40.89738001316568,0 -72.44475713745726,40.89728310352815,0 -72.44469122585548,40.89728955582001,0 -72.44470946873639,40.89739073977809,0 -72.44477673006703,40.89738001316568,0 
					</coordinates>
				</LinearRing>
			</outerBoundaryIs>
		</Polygon>
	</Placemark>
	<Placemark id="09C3FCAAD940301336A8">
		<name>shinnecock_hills_hole_3_tee</name>
		<LookAt>
			<longitude>-72.44499870384699</longitude>
			<latitude>40.89757613248153</latitude>
			<altitude>6.916242947724383</altitude>
			<heading>-9.658918388215742</heading>
			<tilt>0.06076339782114072</tilt>
			<gx:fovy>30.00000000001827</gx:fovy>
			<range>135.8136514916442</range>
			<altitudeMode>absolute</altitudeMode>
		</LookAt>
		<styleUrl>#__managed_style_0B62E1DD0D402FE367CE</styleUrl>
		<Polygon>
			<outerBoundaryIs>
				<LinearRing>
					<coordinates>
						-72.44501427890349,40.89755667277757,0 -72.44500949085892,40.89748684022064,0 -72.44496103003969,40.89748885090393,0 -72.4449692658755,40.89756065264228,0 -72.44501427890349,40.89755667277757,0 
					</coordinates>
				</LinearRing>
			</outerBoundaryIs>
		</Polygon>
	</Placemark>
	<Placemark id="0A4FA336A94030137377">
		<name>shinnecock_hills_hole_3_bunker</name>
		<LookAt>
			<longitude>-72.44524809485335</longitude>
			<latitude>40.89828904711863</latitude>
			<altitude>6.130357817136652</altitude>
			<heading>350.3409367986059</heading>
			<tilt>0</tilt>
			<gx:fovy>30.00000000001827</gx:fovy>
			<range>107.059927333903</range>
			<altitudeMode>absolute</altitudeMode>
		</LookAt>
		<styleUrl>#__managed_style_0B62E1DD0D402FE367CE</styleUrl>
		<Polygon>
			<outerBoundaryIs>
				<LinearRing>
					<coordinates>
						-72.4453709759279,40.89819759523973,0 -72.44539834111434,40.8981986044725,0 -72.44544604493734,40.89818920785643,0 -72.44545126132019,40.89817064585216,0 -72.4454743940648,40.8981425496934,0 -72.44546339007852,40.89812298641267,0 -72.44537753915488,40.89807403496498,0 -72.44531861469277,40.89804121366247,0 -72.44527356233012,40.8980495713398,0 -72.44526133870818,40.89808344425074,0 -72.44530103194417,40.89812616490694,0 -72.4453417482313,40.89818489923557,0 -72.4453709759279,40.89819759523973,0 
					</coordinates>
				</LinearRing>
			</outerBoundaryIs>
		</Polygon>
	</Placemark>
	<Placemark id="03E014063A403013C5DE">
		<name>shinnecock_hills_hole_3_bunker</name>
		<LookAt>
			<longitude>-72.44524809485335</longitude>
			<latitude>40.89828904711863</latitude>
			<altitude>6.130357817136652</altitude>
			<heading>350.340936758499</heading>
			<tilt>0</tilt>
			<gx:fovy>30.00000000001827</gx:fovy>
			<range>107.059927333903</range>
			<altitudeMode>absolute</altitudeMode>
		</LookAt>
		<styleUrl>#__managed_style_0B62E1DD0D402FE367CE</styleUrl>
		<Polygon>
			<outerBoundaryIs>
				<LinearRing>
					<coordinates>
						-72.44517988046969,40.89811651678437,0 -72.44516821855326,40.89814645858717,0 -72.44517311037977,40.89817770944109,0 -72.44520439904294,40.89819358893727,0 -72.44522802342354,40.89821905522467,0 -72.44523627904704,40.89825733010733,0 -72.4452596137033,40.89828743534449,0 -72.44529145552247,40.8982945690259,0 -72.44530982517783,40.89827614313377,0 -72.44531640677791,40.8982446435499,0 -72.44532234686869,40.89820162492315,0 -72.44527044565395,40.89816028211558,0 -72.44525333824159,40.89812981148754,0 -72.44522071415614,40.89809318944313,0 -72.44519681762812,40.89810212762661,0 -72.44517988046969,40.89811651678437,0 
					</coordinates>
				</LinearRing>
			</outerBoundaryIs>
		</Polygon>
	</Placemark>
	<Placemark id="0B558C382A403013F81C">
		<name>shinnecock_hills_hole_3_bunker</name>
		<LookAt>
			<longitude>-72.44533305142539</longitude>
			<latitude>40.89826844281615</latitude>
			<altitude>5.7295054674228</altitude>
			<heading>350.3409362823705</heading>
			<tilt>0</tilt>
			<gx:fovy>30.00000000001827</gx:fovy>
			<range>47.59643738965224</range>
			<altitudeMode>absolute</altitudeMode>
		</LookAt>
		<styleUrl>#__managed_style_0B62E1DD0D402FE367CE</styleUrl>
		<Polygon>
			<outerBoundaryIs>
				<LinearRing>
					<coordinates>
						-72.44540520482614,40.89824362350455,0 -72.44541715293842,40.89825945170644,0 -72.44542581038809,40.89828264737407,0 -72.4454651877713,40.89830192383378,0 -72.44548821388356,40.89830444800024,0 -72.44550823711373,40.89829907789304,0 -72.44553901876216,40.89828150932054,0 -72.44550556479996,40.89824663711229,0 -72.44545210198913,40.89820889512078,0 -72.44542306766502,40.89820716310827,0 -72.44540262493447,40.89823097646923,0 -72.44540520482614,40.89824362350455,0 
					</coordinates>
				</LinearRing>
			</outerBoundaryIs>
		</Polygon>
	</Placemark>
	<Placemark id="0D630AF4304030143A13">
		<name>shinnecock_hills_hole_3_bunker</name>
		<LookAt>
			<longitude>-72.44536510675914</longitude>
			<latitude>40.89830871993382</latitude>
			<altitude>5.337401703750295</altitude>
			<heading>350.3409143956058</heading>
			<tilt>0</tilt>
			<gx:fovy>30.00000000001827</gx:fovy>
			<range>47.98854442682114</range>
			<altitudeMode>absolute</altitudeMode>
		</LookAt>
		<styleUrl>#__managed_style_0B62E1DD0D402FE367CE</styleUrl>
		<Polygon>
			<outerBoundaryIs>
				<LinearRing>
					<coordinates>
						-72.44539366311642,40.89834824975024,0 -72.44540741148005,40.89834256295451,0 -72.44542222661899,40.8983297521024,0 -72.44542736645244,40.89831751859421,0 -72.4454189610086,40.8982928257459,0 -72.445391707841,40.89827873094632,0 -72.4453612477504,40.8982731807237,0 -72.44533579530193,40.89828069234601,0 -72.44532906559519,40.89830028766667,0 -72.44533722095667,40.89832879910499,0 -72.44535993610801,40.89833679807685,0 -72.44537253516232,40.89834587268893,0 -72.44538267549373,40.89834916562562,0 -72.44539366311642,40.89834824975024,0 
					</coordinates>
				</LinearRing>
			</outerBoundaryIs>
		</Polygon>
	</Placemark>
	<Placemark id="054A4EEC75403014942F">
		<name>shinnecock_hills_hole_3_bunker</name>
		<LookAt>
			<longitude>-72.44548891447548</longitude>
			<latitude>40.89836609310832</latitude>
			<altitude>5.509642032766751</altitude>
			<heading>350.3408154779227</heading>
			<tilt>0</tilt>
			<gx:fovy>30.00000000001827</gx:fovy>
			<range>25.00422886251272</range>
			<altitudeMode>absolute</altitudeMode>
		</LookAt>
		<styleUrl>#__managed_style_0B62E1DD0D402FE367CE</styleUrl>
		<Polygon>
			<outerBoundaryIs>
				<LinearRing>
					<coordinates>
						-72.44548458520569,40.89838291304027,0 -72.4455060898519,40.89836779282423,0 -72.44551952946507,40.89834988520456,0 -72.44552152827175,40.89832396586293,0 -72.44552226691479,40.89831041288267,0 -72.44551110486591,40.89830334835882,0 -72.44548937755653,40.89830896645344,0 -72.44547250675868,40.89830872990768,0 -72.44545602441207,40.89830430916935,0 -72.44544023561124,40.8983203271021,0 -72.4454292779554,40.89834205565811,0 -72.4454273619244,40.89835324415719,0 -72.44543347565032,40.89836021771265,0 -72.4454434275959,40.89836147483506,0 -72.44544558735963,40.89836664771295,0 -72.44545146668757,40.89836775083894,0 -72.4454536361195,40.89837406936646,0 -72.44546454334021,40.89838092036752,0 -72.44547388769179,40.898380187212,0 -72.44547679314805,40.89838374714005,0 -72.44548458520569,40.89838291304027,0 
					</coordinates>
				</LinearRing>
			</outerBoundaryIs>
		</Polygon>
	</Placemark>
	<Placemark id="0576F5182D403015C5EC">
		<name>shinnecock_hills_hole_3_bunker</name>
		<LookAt>
			<longitude>-72.44492047627767</longitude>
			<latitude>40.89875884892277</latitude>
			<altitude>3.374385650424137</altitude>
			<heading>350.34111027982</heading>
			<tilt>0</tilt>
			<gx:fovy>30.00000000001827</gx:fovy>
			<range>55.30820123943158</range>
			<altitudeMode>absolute</altitudeMode>
		</LookAt>
		<styleUrl>#__managed_style_0B62E1DD0D402FE367CE</styleUrl>
		<Polygon>
			<outerBoundaryIs>
				<LinearRing>
					<coordinates>
						-72.44486580049238,40.89866001396045,0 -72.444871274066,40.89872392286757,0 -72.44488193623778,40.89872375526148,0 -72.44489072664965,40.89872850580955,0 -72.44490624972164,40.89874161802175,0 -72.4449070182594,40.89876116487334,0 -72.44489306006948,40.89879654231947,0 -72.4448701377073,40.89880966347008,0 -72.44484561812909,40.89880769315263,0 -72.44483494241254,40.89879614768215,0 -72.44483259175989,40.89877587155119,0 -72.4448394934759,40.89874310126007,0 -72.44485138997072,40.89872823890017,0 -72.44486297125066,40.89872467865047,0 -72.44487055507847,40.89872407379993,0 -72.44486485263634,40.89865984667238,0 -72.44483425783073,40.89866640335663,0 -72.44482224128774,40.89867603660734,0 -72.44482253196486,40.89869032434842,0 -72.44481763774337,40.89870975734406,0 -72.44480547023645,40.89871972053243,0 -72.44479562060903,40.8987332203309,0 -72.44479333984007,40.89874538931966,0 -72.44479641839263,40.89876233463863,0 -72.44480123714793,40.89877931841108,0 -72.44479848433343,40.89880500495554,0 -72.44479955159019,40.89883356085096,0 -72.44480528859752,40.89884868829857,0 -72.44480892477625,40.8988746108002,0 -72.44481764762098,40.898891214978,0 -72.44483354883083,40.89890453984538,0 -72.4448485051974,40.89890536671904,0 -72.44486145476978,40.89889016317417,0 -72.44487966973443,40.89886775664167,0 -72.44490777922121,40.89884952479724,0 -72.4449372519536,40.89883682125441,0 -72.44498229674775,40.8988210602914,0 -72.44501059481571,40.89880138882326,0 -72.44501988342272,40.89877895113641,0 -72.44500846170808,40.89873976275845,0 -72.44498877964368,40.89870830226423,0 -72.44496235084658,40.89868305251333,0 -72.44491508349603,40.89866485459378,0 -72.44488191736664,40.89865894052653,0 -72.44486580049238,40.89866001396045,0 
					</coordinates>
				</LinearRing>
			</outerBoundaryIs>
		</Polygon>
	</Placemark>
	<Placemark id="0188A5A2F74030161E7C">
		<name>shinnecock_hills_hole_3_bunker</name>
		<LookAt>
			<longitude>-72.44515452858839</longitude>
			<latitude>40.90001912817585</latitude>
			<altitude>3.580996496199189</altitude>
			<heading>350.3693279771841</heading>
			<tilt>0</tilt>
			<gx:fovy>30.00000000001827</gx:fovy>
			<range>102.4888759545684</range>
			<altitudeMode>absolute</altitudeMode>
		</LookAt>
		<styleUrl>#__managed_style_0B62E1DD0D402FE367CE</styleUrl>
		<Polygon>
			<outerBoundaryIs>
				<LinearRing>
					<coordinates>
						-72.44502333248168,40.89993189038111,0 -72.4450371516068,40.89994858929823,0 -72.44504019629248,40.8999734789194,0 -72.44503747178568,40.90001344306194,0 -72.44504610056832,40.90003370302474,0 -72.44506713148496,40.90004132757853,0 -72.44509379747683,40.90002787456203,0 -72.44510729612544,40.89999735864151,0 -72.445132902102,40.89996925649935,0 -72.44514533087191,40.89994584343901,0 -72.44515927935514,40.89990750393959,0 -72.4451807270254,40.89987732277172,0 -72.44516252024084,40.89986821568069,0 -72.44515438182044,40.89984430905752,0 -72.44513316209428,40.89984056101385,0 -72.4450925851861,40.89985969187305,0 -72.44506494983079,40.89988671899918,0 -72.44502531684417,40.89990007724505,0 -72.44502333248168,40.89993189038111,0 
					</coordinates>
				</LinearRing>
			</outerBoundaryIs>
		</Polygon>
	</Placemark>
	<Placemark id="02121CDEA94030166C19">
		<name>shinnecock_hills_hole_3_bunker</name>
		<LookAt>
			<longitude>-72.44503117012441</longitude>
			<latitude>40.90027397759791</latitude>
			<altitude>4.054226807485632</altitude>
			<heading>350.3693428187511</heading>
			<tilt>0</tilt>
			<gx:fovy>30.00000000001827</gx:fovy>
			<range>85.73653592291522</range>
			<altitudeMode>absolute</altitudeMode>
		</LookAt>
		<styleUrl>#__managed_style_0B62E1DD0D402FE367CE</styleUrl>
		<Polygon>
			<outerBoundaryIs>
				<LinearRing>
					<coordinates>
						-72.44504379567547,40.90024391453849,0 -72.44502809689355,40.90026482819697,0 -72.44502449171945,40.90028825901384,0 -72.4450540032132,40.90030375206028,0 -72.44508064574694,40.90030124062728,0 -72.44512479230784,40.90030305674942,0 -72.44515268477154,40.90029128655226,0 -72.44518767836666,40.90025702409001,0 -72.44519341836921,40.900230631771,0 -72.44517815738631,40.90020232490964,0 -72.44513856089084,40.90019767091163,0 -72.44509611674583,40.90020699074637,0 -72.4450741736125,40.90022981744562,0 -72.44504379567547,40.90024391453849,0 
					</coordinates>
				</LinearRing>
			</outerBoundaryIs>
		</Polygon>
	</Placemark>
	<Placemark id="03CAE02084403016C4EC">
		<name>shinnecock_hills_hole_3_bunker</name>
		<LookAt>
			<longitude>-72.44547125775063</longitude>
			<latitude>40.90054204480701</latitude>
			<altitude>4.543190901918519</altitude>
			<heading>350.3690955241708</heading>
			<tilt>0</tilt>
			<gx:fovy>30.00000000001827</gx:fovy>
			<range>45.38316496878906</range>
			<altitudeMode>absolute</altitudeMode>
		</LookAt>
		<styleUrl>#__managed_style_0B62E1DD0D402FE367CE</styleUrl>
		<Polygon>
			<outerBoundaryIs>
				<LinearRing>
					<coordinates>
						-72.44559046006626,40.90040808773085,0 -72.44560488166344,40.90037837482523,0 -72.44558958035036,40.90034426432747,0 -72.44556098188376,40.9003248969566,0 -72.44551875339589,40.90033238893142,0 -72.44550385805653,40.90035522518215,0 -72.4454994029946,40.90040801318528,0 -72.44548965844864,40.90046267679551,0 -72.44547978980066,40.90049358659728,0 -72.4455013073989,40.90052977198363,0 -72.44553073690696,40.90054544467601,0 -72.44554810946333,40.90054305186378,0 -72.44556010779476,40.90053494000274,0 -72.44556998811176,40.90052817000318,0 -72.44557670010208,40.90051828740383,0 -72.44557061033561,40.90046566983316,0 -72.44556554855554,40.90044276199966,0 -72.44557143023562,40.90042229838856,0 -72.44559046006626,40.90040808773085,0 
					</coordinates>
				</LinearRing>
			</outerBoundaryIs>
		</Polygon>
	</Placemark>
	<Placemark id="02B1DAA3C0403017232B">
		<name>shinnecock_hills_hole_3_bunker</name>
		<LookAt>
			<longitude>-72.44504254311474</longitude>
			<latitude>40.90073572670682</latitude>
			<altitude>4.056763511139585</altitude>
			<heading>350.3694075192393</heading>
			<tilt>0</tilt>
			<gx:fovy>30.00000000001827</gx:fovy>
			<range>61.58441701486481</range>
			<altitudeMode>absolute</altitudeMode>
		</LookAt>
		<styleUrl>#__managed_style_0B62E1DD0D402FE367CE</styleUrl>
		<Polygon>
			<outerBoundaryIs>
				<LinearRing>
					<coordinates>
						-72.44519573524948,40.9008006262714,0 -72.44519488874815,40.90078469009185,0 -72.44518198579483,40.90076800348151,0 -72.44516247661896,40.90073228423118,0 -72.4451644076694,40.90071304028115,0 -72.44515130256897,40.90069349317643,0 -72.44514348983652,40.90067358032178,0 -72.44512637068847,40.90065504981299,0 -72.44511675940181,40.90063775493029,0 -72.44506509522084,40.9006211766248,0 -72.44501383056659,40.90061954664625,0 -72.44499189657915,40.9006359559131,0 -72.44498427131688,40.90066175954703,0 -72.44497782012928,40.90067972445039,0 -72.44499530227573,40.90069126128616,0 -72.44499827336499,40.90072118818561,0 -72.44501574729938,40.90074640162722,0 -72.4450353164433,40.90076079926343,0 -72.44503797583282,40.90077196450275,0 -72.44506184795458,40.9007767137497,0 -72.44509154660408,40.90079014027463,0 -72.44511178835175,40.90079561147366,0 -72.445140624486,40.90080821788344,0 -72.44516237426095,40.90081406327386,0 -72.44519573524948,40.9008006262714,0 
					</coordinates>
				</LinearRing>
			</outerBoundaryIs>
		</Polygon>
	</Placemark>
	<Placemark id="07EA206C084030195158">
		<name>shinnecock_hills_hole_3_fairway</name>
		<LookAt>
			<longitude>-72.44487945244668</longitude>
			<latitude>40.89839130807386</latitude>
			<altitude>5.838546503728748</altitude>
			<heading>350.3697284305141</heading>
			<tilt>0</tilt>
			<gx:fovy>30.00000000001827</gx:fovy>
			<range>122.5019101969519</range>
			<altitudeMode>absolute</altitudeMode>
		</LookAt>
		<styleUrl>#__managed_style_0B62E1DD0D402FE367CE</styleUrl>
		<Polygon>
			<outerBoundaryIs>
				<LinearRing>
					<coordinates>
						-72.4450494838201,40.89819654595775,0 -72.44497377523835,40.89820928409495,0 -72.44490692983311,40.89824042587233,0 -72.44483949075939,40.89829155992989,0 -72.44478711347772,40.89835276294222,0 -72.44475792060088,40.89842956952573,0 -72.44472941821492,40.89851917274205,0 -72.4447272741014,40.89857896702205,0 -72.44474614540169,40.89862082238714,0 -72.44478209581133,40.89864094141452,0 -72.44487154596635,40.89864856054213,0 -72.44494132884506,40.89865753447383,0 -72.44500298280653,40.89868691065475,0 -72.4450484455479,40.89875012797798,0 -72.44504841026354,40.89878661868404,0 -72.44502404870396,40.89882246912675,0 -72.44496036289981,40.89885162807464,0 -72.4449059693099,40.89888847384133,0 -72.44488778104036,40.89893240954861,0 -72.44488946663756,40.89902183661032,0 -72.44491145625926,40.89915600553883,0 -72.44492961412445,40.8993031237833,0 -72.44494179453568,40.89945827202617,0 -72.44496318042268,40.8996080109604,0 -72.44497216164132,40.89973480773993,0 -72.44499577449577,40.89983000711914,0 -72.44502419810884,40.89985017717003,0 -72.44506802218902,40.89985210006424,0 -72.44513204539287,40.89982996073531,0 -72.44518195808621,40.89983900629979,0 -72.44519620189469,40.89987298381055,0 -72.44518653026964,40.89992170702792,0 -72.44513045866383,40.89999929092363,0 -72.44507807067218,40.90006929037369,0 -72.44505544896204,40.90011224528443,0 -72.44506224090875,40.90015515518932,0 -72.44509105993278,40.90017629431463,0 -72.44513754171031,40.90018735303295,0 -72.44518580022111,40.90019237492142,0 -72.44520970089296,40.9002231304846,0 -72.44520847681991,40.90026039597974,0 -72.44515995685451,40.90031069599658,0 -72.44509750685276,40.90036795236052,0 -72.44506207216962,40.9004297044033,0 -72.44504714274606,40.90049645949744,0 -72.44506449908394,40.90056838040438,0 -72.44508330778471,40.90060844870579,0 -72.44516397181779,40.90065360946388,0 -72.4451694641683,40.9006926492312,0 -72.445191477669,40.90075676542499,0 -72.44520529682023,40.90079580922326,0 -72.44518270236658,40.90082050928253,0 -72.44515339322754,40.90084239094558,0 -72.44515521795131,40.90088558182185,0 -72.44519256838781,40.9009283033722,0 -72.44527453102273,40.9009563159749,0 -72.44537265804249,40.90096382650267,0 -72.4454831363919,40.90093147017664,0 -72.44558275916722,40.90088086415408,0 -72.44563499419419,40.90080762744688,0 -72.44564022058972,40.90073868780743,0 -72.44563389794237,40.90067604687096,0 -72.44562678371709,40.90061125019688,0 -72.44559903354741,40.90057038139161,0 -72.44556071634052,40.9005586437104,0 -72.4455158066427,40.90055066173683,0 -72.44549088291481,40.90053041503135,0 -72.44547310218667,40.90049311967568,0 -72.44548239735079,40.9004646759556,0 -72.44549268201217,40.9004141984102,0 -72.44549386424247,40.90035157141737,0 -72.44551512876471,40.90032555444172,0 -72.44555723127226,40.9003158668495,0 -72.44559232343357,40.9002946248449,0 -72.44557985479604,40.90009469805742,0 -72.44553051021268,40.89978877163182,0 -72.44550219290537,40.89952255272612,0 -72.44548326263592,40.89931526456019,0 -72.44550593577355,40.89898609132695,0 -72.44550250892536,40.89873223071605,0 -72.44552350494611,40.89858248947719,0 -72.44551042764385,40.89845064255669,0 -72.44544196391207,40.89838814044349,0 -72.44534713582857,40.89835552188123,0 -72.44526182633825,40.89831316558183,0 -72.44519239800665,40.89823897166994,0 -72.44511170789686,40.89820710988793,0 -72.4450494838201,40.89819654595775,0 
					</coordinates>
				</LinearRing>
			</outerBoundaryIs>
		</Polygon>
	</Placemark>
	<Placemark id="07E1FED69A403019A620">
		<name>shinnecock_hills_hole_3_green</name>
		<LookAt>
			<longitude>-72.44529179954334</longitude>
			<latitude>40.90074686362271</latitude>
			<altitude>4.906186516385502</altitude>
			<heading>350.3401287286555</heading>
			<tilt>0</tilt>
			<gx:fovy>30.00000000001827</gx:fovy>
			<range>112.4979599948893</range>
			<altitudeMode>absolute</altitudeMode>
		</LookAt>
		<styleUrl>#__managed_style_0B62E1DD0D402FE367CE</styleUrl>
		<Polygon>
			<outerBoundaryIs>
				<LinearRing>
					<coordinates>
						-72.44533535929591,40.90082984680467,0 -72.44540896311611,40.90082524798946,0 -72.44546989247765,40.90079210083727,0 -72.44550602820303,40.90074447441904,0 -72.44551522707863,40.9006921565411,0 -72.4454847950574,40.900626914246,0 -72.44544091109357,40.90059749834934,0 -72.44536860622462,40.90059340410813,0 -72.44527351788915,40.90062007045613,0 -72.44521462514211,40.90066971046227,0 -72.44521378355097,40.90072971359631,0 -72.44523282179929,40.90077513891183,0 -72.44527492404299,40.90080928451217,0 -72.44530437992972,40.90082256991359,0 -72.44533535929591,40.90082984680467,0 
					</coordinates>
				</LinearRing>
			</outerBoundaryIs>
		</Polygon>
	</Placemark>
	<Placemark id="0A4970729A40301A9E51">
		<name>shinnecock_hills_hole_4_tee</name>
		<LookAt>
			<longitude>-72.44505080200595</longitude>
			<latitude>40.90156801291673</latitude>
			<altitude>5.511433506717656</altitude>
			<heading>134.9637565844778</heading>
			<tilt>0</tilt>
			<gx:fovy>30.00000000001827</gx:fovy>
			<range>135.5285786083186</range>
			<altitudeMode>absolute</altitudeMode>
		</LookAt>
		<styleUrl>#__managed_style_0B62E1DD0D402FE367CE</styleUrl>
		<Polygon>
			<outerBoundaryIs>
				<LinearRing>
					<coordinates>
						-72.44500575480076,40.90158604642111,0 -72.44508177783284,40.9016401963788,0 -72.44514043162003,40.90160185681682,0 -72.44506630079304,40.90154048851991,0 -72.44500575480076,40.90158604642111,0 
					</coordinates>
				</LinearRing>
			</outerBoundaryIs>
		</Polygon>
	</Placemark>
	<Placemark id="0248A08A2740301AD474">
		<name>shinnecock_hills_hole_4_tee</name>
		<LookAt>
			<longitude>-72.4448059522252</longitude>
			<latitude>40.90135111509553</latitude>
			<altitude>4.97143426948962</altitude>
			<heading>134.9639169021532</heading>
			<tilt>0</tilt>
			<gx:fovy>30.00000000001827</gx:fovy>
			<range>136.0685819070022</range>
			<altitudeMode>absolute</altitudeMode>
		</LookAt>
		<styleUrl>#__managed_style_0B62E1DD0D402FE367CE</styleUrl>
		<Polygon>
			<outerBoundaryIs>
				<LinearRing>
					<coordinates>
						-72.44476126494344,40.90139514354973,0 -72.44484315456702,40.90146802448285,0 -72.44490458950261,40.90143409884298,0 -72.44482029623023,40.90135762084876,0 -72.44476126494344,40.90139514354973,0 
					</coordinates>
				</LinearRing>
			</outerBoundaryIs>
		</Polygon>
	</Placemark>
	<Placemark id="05DE797B2D40301AF8EE">
		<name>shinnecock_hills_hole_4_tee</name>
		<LookAt>
			<longitude>-72.44454930128786</longitude>
			<latitude>40.90115444010399</latitude>
			<altitude>4.282822845485423</altitude>
			<heading>134.9640849459321</heading>
			<tilt>0</tilt>
			<gx:fovy>30.00000000001827</gx:fovy>
			<range>136.757188383981</range>
			<altitudeMode>absolute</altitudeMode>
		</LookAt>
		<styleUrl>#__managed_style_0B62E1DD0D402FE367CE</styleUrl>
		<Polygon>
			<outerBoundaryIs>
				<LinearRing>
					<coordinates>
						-72.4444849974515,40.90114915534949,0 -72.4445782586475,40.90124454260541,0 -72.44463499630702,40.90121177162227,0 -72.44453986412682,40.9011175652935,0 -72.4444849974515,40.90114915534949,0 
					</coordinates>
				</LinearRing>
			</outerBoundaryIs>
		</Polygon>
	</Placemark>
	<Placemark id="0D851C946840301B18DC">
		<name>shinnecock_hills_hole_4_tee</name>
		<LookAt>
			<longitude>-72.44430466507804</longitude>
			<latitude>40.90096904744512</latitude>
			<altitude>3.641810831760146</altitude>
			<heading>134.9642451224631</heading>
			<tilt>0</tilt>
			<gx:fovy>30.00000000001827</gx:fovy>
			<range>137.3981996606744</range>
			<altitudeMode>absolute</altitudeMode>
		</LookAt>
		<styleUrl>#__managed_style_0B62E1DD0D402FE367CE</styleUrl>
		<Polygon>
			<outerBoundaryIs>
				<LinearRing>
					<coordinates>
						-72.44423621708401,40.90093775708284,0 -72.44436867079837,40.90106311628179,0 -72.44443045013118,40.90102568018937,0 -72.44429629634614,40.90090182779765,0 -72.44423621708401,40.90093775708284,0 
					</coordinates>
				</LinearRing>
			</outerBoundaryIs>
		</Polygon>
	</Placemark>
	<Placemark id="08AC7B059240301B3C5C">
		<name>shinnecock_hills_hole_4_tee</name>
		<LookAt>
			<longitude>-72.44370201907596</longitude>
			<latitude>40.90037370029729</latitude>
			<altitude>1.802565515819388</altitude>
			<heading>134.9353475223959</heading>
			<tilt>0.06090665065049092</tilt>
			<gx:fovy>30.00000000001827</gx:fovy>
			<range>199.6480165811591</range>
			<altitudeMode>absolute</altitudeMode>
		</LookAt>
		<styleUrl>#__managed_style_0B62E1DD0D402FE367CE</styleUrl>
		<Polygon>
			<outerBoundaryIs>
				<LinearRing>
					<coordinates>
						-72.44368597435869,40.90054811335671,0 -72.4437339772434,40.90061159922236,0 -72.44378140208545,40.9005962591988,0 -72.44372768624865,40.90052578041765,0 -72.44368597435869,40.90054811335671,0 
					</coordinates>
				</LinearRing>
			</outerBoundaryIs>
		</Polygon>
	</Placemark>
	<Placemark id="0AFEADDDFA40301C011E">
		<name>shinnecock_hills_hole_4_bunker</name>
		<LookAt>
			<longitude>-72.44254545441777</longitude>
			<latitude>40.89850876873988</latitude>
			<altitude>4.623741406119269</altitude>
			<heading>144.6272514898399</heading>
			<tilt>0.06090588880600789</tilt>
			<gx:fovy>30.00000000001827</gx:fovy>
			<range>123.1804112406098</range>
			<altitudeMode>absolute</altitudeMode>
		</LookAt>
		<styleUrl>#__managed_style_0B62E1DD0D402FE367CE</styleUrl>
		<Polygon>
			<outerBoundaryIs>
				<LinearRing>
					<coordinates>
						-72.44260724079162,40.8984582132051,0 -72.44258670821337,40.89849033986346,0 -72.44256389647377,40.8985175787348,0 -72.44255677658056,40.89854410088608,0 -72.44258303274962,40.89856904799858,0 -72.44263549380543,40.89857479586606,0 -72.44267056592922,40.89856005614595,0 -72.44267855259083,40.89852435113745,0 -72.44266955227508,40.89848438409299,0 -72.44266325435279,40.89846292988261,0 -72.44263452584904,40.89845886096114,0 -72.44260724079162,40.8984582132051,0 
					</coordinates>
				</LinearRing>
			</outerBoundaryIs>
		</Polygon>
	</Placemark>
	<Placemark id="02CCDDC51E40301C3CEF">
		<name>shinnecock_hills_hole_4_bunker</name>
		<LookAt>
			<longitude>-72.44236566710239</longitude>
			<latitude>40.89859491892508</latitude>
			<altitude>3.700355952459566</altitude>
			<heading>144.6273692001915</heading>
			<tilt>0</tilt>
			<gx:fovy>30.00000000001827</gx:fovy>
			<range>124.1178987795138</range>
			<altitudeMode>absolute</altitudeMode>
		</LookAt>
		<styleUrl>#__managed_style_0B62E1DD0D402FE367CE</styleUrl>
		<Polygon>
			<outerBoundaryIs>
				<LinearRing>
					<coordinates>
						-72.44221021281746,40.89852822753497,0 -72.44222928405496,40.89856751186897,0 -72.44221324699747,40.89859267616664,0 -72.44223769771948,40.89862050475941,0 -72.44227186903102,40.89863001045752,0 -72.44229984946784,40.89861148812982,0 -72.44230942310881,40.89857518849831,0 -72.44230030199327,40.89853107888342,0 -72.4422982939829,40.89850584985491,0 -72.44227509051937,40.89849345666101,0 -72.44224995127804,40.89848612015874,0 -72.44222489972977,40.89850714079964,0 -72.44221021281746,40.89852822753497,0 
					</coordinates>
				</LinearRing>
			</outerBoundaryIs>
		</Polygon>
	</Placemark>
	<Placemark id="0A0C667CEC40301C6C79">
		<name>shinnecock_hills_hole_4_bunker</name>
		<LookAt>
			<longitude>-72.44231375579542</longitude>
			<latitude>40.89859972227048</latitude>
			<altitude>3.619102948010644</altitude>
			<heading>144.6273691849428</heading>
			<tilt>0.06102913034220302</tilt>
			<gx:fovy>30.00000000001827</gx:fovy>
			<range>77.00320489535444</range>
			<altitudeMode>absolute</altitudeMode>
		</LookAt>
		<styleUrl>#__managed_style_0B62E1DD0D402FE367CE</styleUrl>
		<Polygon>
			<outerBoundaryIs>
				<LinearRing>
					<coordinates>
						-72.44219607058263,40.89863662552445,0 -72.44218440434838,40.89868317134378,0 -72.44219936264466,40.89873090967571,0 -72.4422170837401,40.89874939807115,0 -72.4422504601883,40.89874683649668,0 -72.44227145865817,40.89872740612271,0 -72.44228451044702,40.89869053766309,0 -72.44227776529863,40.89866924222748,0 -72.4422468967288,40.89864622158026,0 -72.44222637861311,40.89863125049528,0 -72.44221259541347,40.89863218292005,0 -72.44219607058263,40.89863662552445,0 
					</coordinates>
				</LinearRing>
			</outerBoundaryIs>
		</Polygon>
	</Placemark>
	<Placemark id="0508A61E5940301CA141">
		<name>shinnecock_hills_hole_4_bunker</name>
		<LookAt>
			<longitude>-72.44236182316182</longitude>
			<latitude>40.89861344448985</latitude>
			<altitude>3.774878915691071</altitude>
			<heading>144.6273377165856</heading>
			<tilt>0.0610291266336029</tilt>
			<gx:fovy>30.00000000001827</gx:fovy>
			<range>76.84743404445726</range>
			<altitudeMode>absolute</altitudeMode>
		</LookAt>
		<styleUrl>#__managed_style_0B62E1DD0D402FE367CE</styleUrl>
		<Polygon>
			<outerBoundaryIs>
				<LinearRing>
					<coordinates>
						-72.44232881264338,40.89858201540279,0 -72.44230245839465,40.89862116847748,0 -72.44230079542196,40.8986361135001,0 -72.44228961535887,40.89864975057584,0 -72.44231637612211,40.898681394162,0 -72.44234569507123,40.8986918875122,0 -72.44236311608213,40.89868814944566,0 -72.44237004822628,40.89867303560037,0 -72.4423657211629,40.89865593504975,0 -72.44235324004802,40.89863808540878,0 -72.44235174794174,40.89861952260932,0 -72.44236323787963,40.89860895131964,0 -72.44235185195342,40.89858888666702,0 -72.44234437034417,40.89858499149908,0 -72.44232881264338,40.89858201540279,0 
					</coordinates>
				</LinearRing>
			</outerBoundaryIs>
		</Polygon>
	</Placemark>
	<Placemark id="0418464FFE40301D19C4">
		<name>shinnecock_hills_hole_4_bunker</name>
		<LookAt>
			<longitude>-72.44279993068928</longitude>
			<latitude>40.8989370816982</latitude>
			<altitude>3.107644082365533</altitude>
			<heading>144.597715567794</heading>
			<tilt>0.06102903632523848</tilt>
			<gx:fovy>30.00000000001827</gx:fovy>
			<range>68.66719007041867</range>
			<altitudeMode>absolute</altitudeMode>
		</LookAt>
		<styleUrl>#__managed_style_0B62E1DD0D402FE367CE</styleUrl>
		<Polygon>
			<outerBoundaryIs>
				<LinearRing>
					<coordinates>
						-72.44265864204996,40.89890684240754,0 -72.44268538707331,40.89891890277252,0 -72.44271499389369,40.89892680761254,0 -72.44275009291594,40.89893945567341,0 -72.44278379208933,40.89894294638098,0 -72.44279151399542,40.89893113927293,0 -72.44277570155225,40.89889850977375,0 -72.44278697625963,40.89886433328465,0 -72.44277737072957,40.8988474888195,0 -72.44274543372116,40.89885145621307,0 -72.44271664056073,40.89884179294275,0 -72.4426787862793,40.89883365009843,0 -72.44264575289709,40.8988413174846,0 -72.4425815625322,40.89887206368864,0 -72.44252999696226,40.89890522618624,0 -72.44250026101908,40.89894961099218,0 -72.44251223300607,40.89897439687076,0 -72.44254855262679,40.89899354042885,0 -72.44258722652239,40.89896892887418,0 -72.44263053876594,40.89891460525946,0 -72.44265864204996,40.89890684240754,0 
					</coordinates>
				</LinearRing>
			</outerBoundaryIs>
		</Polygon>
	</Placemark>
	<Placemark id="0C6FEE46A940301D669F">
		<name>shinnecock_hills_hole_4_bunker</name>
		<LookAt>
			<longitude>-72.44261660508126</longitude>
			<latitude>40.89901469929109</latitude>
			<altitude>3.370504609226459</altitude>
			<heading>144.5685009086323</heading>
			<tilt>0.0610166591661814</tilt>
			<gx:fovy>30.00000000001827</gx:fovy>
			<range>54.79264451367273</range>
			<altitudeMode>absolute</altitudeMode>
		</LookAt>
		<styleUrl>#__managed_style_0B62E1DD0D402FE367CE</styleUrl>
		<Polygon>
			<outerBoundaryIs>
				<LinearRing>
					<coordinates>
						-72.44261628472611,40.89902820028669,0 -72.44256252818995,40.89903496530838,0 -72.44253246786718,40.89905303525173,0 -72.44252373755315,40.8990748013499,0 -72.44255267434137,40.89909992811874,0 -72.44258095003144,40.89911177521557,0 -72.44258939045139,40.89912118075651,0 -72.44263258345723,40.8991184106771,0 -72.44267200745695,40.89914031870242,0 -72.44269234086823,40.89915100332631,0 -72.44272580033466,40.8991492471655,0 -72.44274467928784,40.89915067390432,0 -72.44275716840626,40.89913758759662,0 -72.44275410781827,40.89911208316733,0 -72.44273413000791,40.89909153308674,0 -72.44265822915976,40.89904024457748,0 -72.44263891611168,40.8990278595001,0 -72.44261628472611,40.89902820028669,0 
					</coordinates>
				</LinearRing>
			</outerBoundaryIs>
		</Polygon>
	</Placemark>
	<Placemark id="027849C52B40301DB25E">
		<name>shinnecock_hills_hole_4_bunker</name>
		<LookAt>
			<longitude>-72.44301645973242</longitude>
			<latitude>40.89945846742778</latitude>
			<altitude>2.361241973896739</altitude>
			<heading>144.568246299519</heading>
			<tilt>0.06101712465001067</tilt>
			<gx:fovy>30.00000000001827</gx:fovy>
			<range>104.4529225467159</range>
			<altitudeMode>absolute</altitudeMode>
		</LookAt>
		<styleUrl>#__managed_style_0B62E1DD0D402FE367CE</styleUrl>
		<Polygon>
			<outerBoundaryIs>
				<LinearRing>
					<coordinates>
						-72.44285889731007,40.89944528449715,0 -72.44285603457911,40.89946983547227,0 -72.44287837784555,40.89949389706899,0 -72.44290775271598,40.8995266622165,0 -72.44295964175332,40.89955201156808,0 -72.44299614524495,40.89954731276887,0 -72.44301531461437,40.89952548654158,0 -72.44303811923592,40.8994843010129,0 -72.4430213023094,40.89945286439495,0 -72.44302566984545,40.89942055797159,0 -72.44301158586539,40.89939677284503,0 -72.44296935094778,40.89937097214714,0 -72.44294084332151,40.8993802085356,0 -72.44291684344579,40.89941062422846,0 -72.4428711418109,40.89942909893033,0 -72.44285889731007,40.89944528449715,0 
					</coordinates>
				</LinearRing>
			</outerBoundaryIs>
		</Polygon>
	</Placemark>
	<Placemark id="04D603CE8240301E18CF">
		<name>shinnecock_hills_hole_4_bunker</name>
		<LookAt>
			<longitude>-72.44334418246956</longitude>
			<latitude>40.8997187712609</latitude>
			<altitude>2.337671470090792</altitude>
			<heading>144.5680317314937</heading>
			<tilt>0</tilt>
			<gx:fovy>30.00000000001827</gx:fovy>
			<range>104.4655079831682</range>
			<altitudeMode>absolute</altitudeMode>
		</LookAt>
		<styleUrl>#__managed_style_0B62E1DD0D402FE367CE</styleUrl>
		<Polygon>
			<outerBoundaryIs>
				<LinearRing>
					<coordinates>
						-72.44334742584859,40.89980880975488,0 -72.44331331949859,40.89978041100331,0 -72.44328673065765,40.89973449124751,0 -72.44328344657308,40.8996870535223,0 -72.44327432147274,40.89965416242659,0 -72.44323889335712,40.89962817171239,0 -72.44318946558903,40.89961871883003,0 -72.4431468011837,40.89963189546452,0 -72.44312713173133,40.89967333839544,0 -72.4431270111611,40.89971097383827,0 -72.4431387307841,40.89974145475061,0 -72.44317562474215,40.89975621852685,0 -72.44323522040463,40.89980340221939,0 -72.4432808204274,40.89984271112426,0 -72.4433049489586,40.89986362566836,0 -72.44333758503591,40.8998529076757,0 -72.44335909914379,40.89983145531967,0 -72.44334742584859,40.89980880975488,0 
					</coordinates>
				</LinearRing>
			</outerBoundaryIs>
		</Polygon>
	</Placemark>
	<Placemark id="05E1C1A53F40301E657C">
		<name>shinnecock_hills_hole_4_green</name>
		<LookAt>
			<longitude>-72.44239647982761</longitude>
			<latitude>40.89845611607434</latitude>
			<altitude>4.982728659618068</altitude>
			<heading>144.5688345116329</heading>
			<tilt>0</tilt>
			<gx:fovy>30.00000000001827</gx:fovy>
			<range>112.6191093067428</range>
			<altitudeMode>absolute</altitudeMode>
		</LookAt>
		<styleUrl>#__managed_style_0B62E1DD0D402FE367CE</styleUrl>
		<Polygon>
			<outerBoundaryIs>
				<LinearRing>
					<coordinates>
						-72.44234725870994,40.89828817821297,0 -72.44228416357515,40.89834366198996,0 -72.44225874613787,40.89839292814374,0 -72.44225759759325,40.89844687055243,0 -72.44228379474571,40.89847648262294,0 -72.44237540140459,40.89851983864824,0 -72.44242361271567,40.89853595701423,0 -72.44250187035256,40.89853519650398,0 -72.44254811473446,40.89850680289947,0 -72.4425937026015,40.898433256141,0 -72.44260552333495,40.89838126540158,0 -72.44256454585906,40.89832883985653,0 -72.44250361736916,40.89828794082361,0 -72.44241792497773,40.89827062661978,0 -72.44238187720391,40.89827386467281,0 -72.44234725870994,40.89828817821297,0 
					</coordinates>
				</LinearRing>
			</outerBoundaryIs>
		</Polygon>
	</Placemark>
	<Placemark id="0BCBD096ED4030210F84">
		<name>shinnecock_hills_hole_4_fairway</name>
		<LookAt>
			<longitude>-72.44219118443536</longitude>
			<latitude>40.89828897220089</latitude>
			<altitude>4.589501444432065</altitude>
			<heading>144.5972349889728</heading>
			<tilt>0.06006489826796393</tilt>
			<gx:fovy>30</gx:fovy>
			<range>97.93575244833846</range>
			<altitudeMode>absolute</altitudeMode>
		</LookAt>
		<styleUrl>#__managed_style_0B62E1DD0D402FE367CE</styleUrl>
		<Polygon>
			<outerBoundaryIs>
				<LinearRing>
					<coordinates>
						-72.44217727308063,40.89822476422122,0 -72.44217310035646,40.89825211097493,0 -72.44216208577032,40.89832998578726,0 -72.44216511442875,40.89840208587284,0 -72.44218679155948,40.89845809478505,0 -72.44221449869116,40.89847304787261,0 -72.44224079728903,40.89847721209144,0 -72.44227353623596,40.89848285118555,0 -72.44229856081407,40.89849940620872,0 -72.44231505918577,40.89852572233119,0 -72.44231976217286,40.8985538626133,0 -72.44233677235015,40.8985730591771,0 -72.44235691770416,40.89858241982417,0 -72.44236929035792,40.89860940345483,0 -72.44236357971567,40.8986214912136,0 -72.44236817926603,40.89864147256972,0 -72.44238102095095,40.89866543212631,0 -72.44237209403965,40.89869279290654,0 -72.44231648175281,40.89870121985268,0 -72.44226726190838,40.89874007340686,0 -72.44219955449681,40.8988212766186,0 -72.44216204794392,40.89893154173976,0 -72.44216803520523,40.89910849681471,0 -72.44218970160057,40.899278593,0 -72.44222831442487,40.89939317992238,0 -72.44234494305394,40.89956744698847,0 -72.44245527657101,40.89967757230391,0 -72.44265873271353,40.89988704136401,0 -72.44282146459967,40.90004051207566,0 -72.44294447096163,40.90013876135124,0 -72.44308225096165,40.90023470260552,0 -72.44319366512325,40.90025963942993,0 -72.44329661982908,40.90026000626729,0 -72.44335936981834,40.90023860176809,0 -72.44341660905029,40.9001984654871,0 -72.44345411801851,40.90013823940606,0 -72.44345743120579,40.90003463945907,0 -72.44343891846756,40.8999908722097,0 -72.44336264808646,40.89991771527473,0 -72.44328414648614,40.89986075945684,0 -72.44319154698812,40.89978361573626,0 -72.44312530087828,40.89974076365306,0 -72.44310556094086,40.89970049782651,0 -72.44310258825412,40.89964841422458,0 -72.44308727800039,40.899620553567,0 -72.44304059292527,40.89959451965384,0 -72.44299441910175,40.89957342833841,0 -72.44291292748939,40.89954458452787,0 -72.44286156337904,40.89951000764029,0 -72.44282460660673,40.89945478305916,0 -72.44284249233449,40.89942305780491,0 -72.44287317406439,40.89939488524164,0 -72.44288429443675,40.89936600194658,0 -72.44285715268788,40.89931371830595,0 -72.44280171922586,40.89922147096654,0 -72.44275516192495,40.89916673430387,0 -72.44267872599667,40.89915428217153,0 -72.44257677722035,40.89912559246257,0 -72.44251498104718,40.89908610975972,0 -72.44251824530761,40.89905572586969,0 -72.4425210135135,40.89900378981237,0 -72.4424926125146,40.8989643488733,0 -72.442502219687,40.89892312693653,0 -72.44256335586607,40.89886534163672,0 -72.44266624374951,40.89881187017491,0 -72.44271888236308,40.89879440011029,0 -72.44277768829537,40.8987669344953,0 -72.44280226383832,40.89872738445498,0 -72.44280413207161,40.89860354996527,0 -72.44280094763512,40.89847876342054,0 -72.44276756386547,40.89837933673224,0 -72.44271664276276,40.89829391032042,0 -72.44264835090516,40.89822685960389,0 -72.4425429133518,40.89816839230179,0 -72.44242193982089,40.89813921858499,0 -72.44233628275367,40.89814362109693,0 -72.44228787878835,40.89814214329373,0 -72.44216654964092,40.89820335123968,0 -72.44217727308063,40.89822476422122,0 
					</coordinates>
				</LinearRing>
			</outerBoundaryIs>
		</Polygon>
	</Placemark>
	<Placemark id="04A4E820F8403021AB4F">
		<name>shinnecock_hills_hole_5_tee</name>
		<LookAt>
			<longitude>-72.44175782293212</longitude>
			<latitude>40.89789567879922</latitude>
			<altitude>5.776452557861536</altitude>
			<heading>35.41699921032663</heading>
			<tilt>0.06076567946061105</tilt>
			<gx:fovy>30</gx:fovy>
			<range>240.1796812183602</range>
			<altitudeMode>absolute</altitudeMode>
		</LookAt>
		<styleUrl>#__managed_style_0B62E1DD0D402FE367CE</styleUrl>
		<Polygon>
			<outerBoundaryIs>
				<LinearRing>
					<coordinates>
						-72.44219169143335,40.89809793303801,0 -72.44229686262783,40.8979132891309,0 -72.44219603408013,40.89787690047835,0 -72.44209313077668,40.89805952056727,0 -72.44219169143335,40.89809793303801,0 
					</coordinates>
				</LinearRing>
			</outerBoundaryIs>
		</Polygon>
	</Placemark>
	<Placemark id="03C00918E3403021E16C">
		<name>shinnecock_hills_hole_5_tee</name>
		<LookAt>
			<longitude>-72.44175792933095</longitude>
			<latitude>40.89789584705441</latitude>
			<altitude>5.776056452066031</altitude>
			<heading>35.38747798837316</heading>
			<tilt>0.06076567944261743</tilt>
			<gx:fovy>30</gx:fovy>
			<range>240.1800752375493</range>
			<altitudeMode>absolute</altitudeMode>
		</LookAt>
		<styleUrl>#__managed_style_0B62E1DD0D402FE367CE</styleUrl>
		<Polygon>
			<outerBoundaryIs>
				<LinearRing>
					<coordinates>
						-72.44219924611163,40.89772214269807,0 -72.44230126768682,40.89758607879505,0 -72.4422177289906,40.89754864639058,0 -72.44211949537761,40.89769295505174,0 -72.44219924611163,40.89772214269807,0 
					</coordinates>
				</LinearRing>
			</outerBoundaryIs>
		</Polygon>
	</Placemark>
	<Placemark id="01B1FF66544030220413">
		<name>shinnecock_hills_hole_5_tee</name>
		<LookAt>
			<longitude>-72.44171646471712</longitude>
			<latitude>40.89857690894573</latitude>
			<altitude>4.978633788656374</altitude>
			<heading>35.35819649246895</heading>
			<tilt>0.06076568503863207</tilt>
			<gx:fovy>30</gx:fovy>
			<range>240.9775005435222</range>
			<altitudeMode>absolute</altitudeMode>
		</LookAt>
		<styleUrl>#__managed_style_0B62E1DD0D402FE367CE</styleUrl>
		<Polygon>
			<outerBoundaryIs>
				<LinearRing>
					<coordinates>
						-72.44203282754565,40.89870908250501,0 -72.44208679190041,40.89865957276776,0 -72.44204306534698,40.89863398827244,0 -72.44198300638749,40.8986856053551,0 -72.44203282754565,40.89870908250501,0 
					</coordinates>
				</LinearRing>
			</outerBoundaryIs>
		</Polygon>
	</Placemark>
	<Placemark id="07428F98D940302253E4">
		<name>shinnecock_hills_hole_5_bunker</name>
		<LookAt>
			<longitude>-72.44160929895479</longitude>
			<latitude>40.89877549834136</latitude>
			<altitude>4.220911601458868</altitude>
			<heading>35.22056599901337</heading>
			<tilt>0.3432690589311982</tilt>
			<gx:fovy>30</gx:fovy>
			<range>141.0948413377628</range>
			<altitudeMode>absolute</altitudeMode>
		</LookAt>
		<styleUrl>#__managed_style_0B62E1DD0D402FE367CE</styleUrl>
		<Polygon>
			<outerBoundaryIs>
				<LinearRing>
					<coordinates>
						-72.44157679434325,40.89875641983626,0 -72.44159076695691,40.89882050223945,0 -72.4415643178034,40.89885505335165,0 -72.44158846896406,40.89890938440927,0 -72.4416326542183,40.89894280337801,0 -72.44163674958125,40.89897721430121,0 -72.44165884845545,40.89900806184219,0 -72.44171416290344,40.8990273870797,0 -72.44175510202379,40.89900856503924,0 -72.44180037981782,40.89896994202888,0 -72.44179020742655,40.89894092469609,0 -72.44176530395171,40.89891737182938,0 -72.44174894300593,40.89887177607792,0 -72.44174320809874,40.89882492546724,0 -72.44172976916464,40.89877586791621,0 -72.44174928749783,40.89876116370995,0 -72.4417668290555,40.89871103700646,0 -72.44179436759372,40.89866366003204,0 -72.44178042215179,40.89862317137045,0 -72.44172907086943,40.89860485725892,0 -72.44168529708314,40.89863106586981,0 -72.44165776381764,40.8986652924849,0 -72.44165040423952,40.8987132576407,0 -72.44157679434325,40.89875641983626,0 
					</coordinates>
				</LinearRing>
			</outerBoundaryIs>
		</Polygon>
	</Placemark>
	<Placemark id="0DB707107C4030229A09">
		<name>shinnecock_hills_hole_5_bunker</name>
		<LookAt>
			<longitude>-72.44142632118793</longitude>
			<latitude>40.89902729605783</latitude>
			<altitude>4.065510214283914</altitude>
			<heading>35.24910632296567</heading>
			<tilt>0.1478057276215639</tilt>
			<gx:fovy>30</gx:fovy>
			<range>141.2260960829371</range>
			<altitudeMode>absolute</altitudeMode>
		</LookAt>
		<styleUrl>#__managed_style_0B62E1DD0D402FE367CE</styleUrl>
		<Polygon>
			<outerBoundaryIs>
				<LinearRing>
					<coordinates>
						-72.44169491172806,40.89907779301252,0 -72.44166460752326,40.89911525696351,0 -72.44164276048056,40.89914584779205,0 -72.44160733434465,40.89916962482423,0 -72.44158843359621,40.89919705330412,0 -72.44163016053658,40.89923074920896,0 -72.44168037935491,40.89925401523951,0 -72.44168402082164,40.89928517561334,0 -72.44167500930598,40.89932140037841,0 -72.44170333482704,40.89934218911669,0 -72.44175753070714,40.89933205952913,0 -72.44180625372287,40.89930020424968,0 -72.44179831230224,40.89924219554473,0 -72.44178218692571,40.89921188958801,0 -72.44176613036187,40.89916320373315,0 -72.44179207960686,40.89914379427368,0 -72.44177772552125,40.89909785829258,0 -72.44174107220522,40.89905916954305,0 -72.44169491172806,40.89907779301252,0 
					</coordinates>
				</LinearRing>
			</outerBoundaryIs>
		</Polygon>
	</Placemark>
	<Placemark id="0DD18C9775403022DD60">
		<name>shinnecock_hills_hole_5_bunker</name>
		<LookAt>
			<longitude>-72.44135513260358</longitude>
			<latitude>40.89896996927801</latitude>
			<altitude>4.9316978626228</altitude>
			<heading>35.27757345984148</heading>
			<tilt>0.1478057071994841</tilt>
			<gx:fovy>30</gx:fovy>
			<range>140.3599144284635</range>
			<altitudeMode>absolute</altitudeMode>
		</LookAt>
		<styleUrl>#__managed_style_0B62E1DD0D402FE367CE</styleUrl>
		<Polygon>
			<outerBoundaryIs>
				<LinearRing>
					<coordinates>
						-72.44144859129032,40.89893040676078,0 -72.44142909402375,40.89894690359097,0 -72.4413614780955,40.89897658194485,0 -72.44129809593319,40.89899857370424,0 -72.4412702128063,40.89903407088372,0 -72.44129188888712,40.89906494120239,0 -72.44130496303958,40.89910281120511,0 -72.44134484351187,40.89912770531288,0 -72.44139704688523,40.89912224965654,0 -72.44144948100221,40.8990924308903,0 -72.44150431320941,40.89909535130388,0 -72.44155806870518,40.89905534362838,0 -72.44154960382146,40.89902021378858,0 -72.44154009062798,40.89898329193245,0 -72.4415746012865,40.89896036126854,0 -72.44153891985901,40.89894625943349,0 -72.44151501881223,40.89892177596278,0 -72.4414713161496,40.89890491605568,0 -72.44144859129032,40.89893040676078,0 
					</coordinates>
				</LinearRing>
			</outerBoundaryIs>
		</Polygon>
	</Placemark>
	<Placemark id="0CA2AE3A814030234CE9">
		<name>shinnecock_hills_hole_5_bunker</name>
		<LookAt>
			<longitude>-72.44095774995192</longitude>
			<latitude>40.89923052575777</latitude>
			<altitude>4.472192264973842</altitude>
			<heading>35.3667329677093</heading>
			<tilt>0.09438174192696307</tilt>
			<gx:fovy>30</gx:fovy>
			<range>144.9378843212071</range>
			<altitudeMode>absolute</altitudeMode>
		</LookAt>
		<styleUrl>#__managed_style_0B62E1DD0D402FE367CE</styleUrl>
		<Polygon>
			<outerBoundaryIs>
				<LinearRing>
					<coordinates>
						-72.44112023233443,40.89912911940647,0 -72.44106231871879,40.89914776988939,0 -72.44102020310339,40.899146222917,0 -72.44100580917068,40.89917617789385,0 -72.44096706570635,40.89921008344923,0 -72.44092055054256,40.89923294569657,0 -72.44092055249257,40.89926111737152,0 -72.44086753901469,40.89930509555377,0 -72.4408196962153,40.89930777224403,0 -72.44077376445098,40.89931791810486,0 -72.44071464879939,40.89934496357215,0 -72.44068630992942,40.89938033923771,0 -72.44062705029506,40.89941545673966,0 -72.44059270684959,40.8994514057456,0 -72.44060805944459,40.89949934171727,0 -72.44064727376214,40.89950510474014,0 -72.44069131980761,40.8994776512019,0 -72.44072573265763,40.89947882904068,0 -72.44079065609814,40.89944791789836,0 -72.44083492374168,40.89939664054785,0 -72.44088637339266,40.8993719602502,0 -72.44094393530477,40.89932347620154,0 -72.44098247862718,40.89928680214321,0 -72.44106035586742,40.89928762873812,0 -72.44112661923099,40.89928728212613,0 -72.44118273374096,40.89926106526124,0 -72.44122408295112,40.89921944697895,0 -72.44123929038946,40.89918148702404,0 -72.44118261361015,40.89912502662857,0 -72.44115263591839,40.89911870663035,0 -72.44112023233443,40.89912911940647,0 
					</coordinates>
				</LinearRing>
			</outerBoundaryIs>
		</Polygon>
	</Placemark>
	<Placemark id="0663DE300F4030239180">
		<name>shinnecock_hills_hole_5_bunker</name>
		<LookAt>
			<longitude>-72.44153913307331</longitude>
			<latitude>40.89958853261788</latitude>
			<altitude>4.290762313472753</altitude>
			<heading>35.36635230474095</heading>
			<tilt>0.09438174052520092</tilt>
			<gx:fovy>30</gx:fovy>
			<range>145.1193185689954</range>
			<altitudeMode>absolute</altitudeMode>
		</LookAt>
		<styleUrl>#__managed_style_0B62E1DD0D402FE367CE</styleUrl>
		<Polygon>
			<outerBoundaryIs>
				<LinearRing>
					<coordinates>
						-72.44169636517086,40.89940159221094,0 -72.44167255326806,40.8994067595401,0 -72.44163979784163,40.89943378007288,0 -72.44161761851804,40.89945390648992,0 -72.4416013522661,40.89952476861212,0 -72.44157991600952,40.89956798320709,0 -72.4415419488728,40.89959350374151,0 -72.44153637361698,40.89961989129606,0 -72.44154894230444,40.89964702769645,0 -72.44161517547225,40.89964242659651,0 -72.44168345433813,40.8996155406173,0 -72.4417262281647,40.89956990987597,0 -72.44173871632637,40.89953566741735,0 -72.44172387041934,40.89949716941336,0 -72.44173877634115,40.89946453687377,0 -72.44172286981211,40.89942118586276,0 -72.44171326853142,40.89940515934222,0 -72.44169636517086,40.89940159221094,0 
					</coordinates>
				</LinearRing>
			</outerBoundaryIs>
		</Polygon>
	</Placemark>
	<Placemark id="07A1FFE99F403023D23B">
		<name>shinnecock_hills_hole_5_bunker</name>
		<LookAt>
			<longitude>-72.44119681035856</longitude>
			<latitude>40.89970974573584</latitude>
			<altitude>4.58330567347528</altitude>
			<heading>35.39499695498706</heading>
			<tilt>0.0943817348331968</tilt>
			<gx:fovy>30</gx:fovy>
			<range>144.8267709098764</range>
			<altitudeMode>absolute</altitudeMode>
		</LookAt>
		<styleUrl>#__managed_style_0B62E1DD0D402FE367CE</styleUrl>
		<Polygon>
			<outerBoundaryIs>
				<LinearRing>
					<coordinates>
						-72.4413696844972,40.89970862462467,0 -72.44131530478028,40.89972047701025,0 -72.44127366491814,40.89971861483223,0 -72.44123923622682,40.89974227235633,0 -72.44120378624369,40.89974598028275,0 -72.44118185468616,40.89976041331332,0 -72.44116604356689,40.89978588755355,0 -72.44114771121102,40.89983026831198,0 -72.44117357253629,40.89984536837789,0 -72.44121835917593,40.89985242417414,0 -72.44125040494842,40.89982089319613,0 -72.44128504936234,40.89981140296905,0 -72.44132792662617,40.89982380749463,0 -72.44137629656926,40.89981181551297,0 -72.44144107217521,40.89977675107614,0 -72.44145905887839,40.89971170278593,0 -72.44142409286346,40.89967745658469,0 -72.4413696844972,40.89970862462467,0 
					</coordinates>
				</LinearRing>
			</outerBoundaryIs>
		</Polygon>
	</Placemark>
	<Placemark id="026B301859403024357E">
		<name>shinnecock_hills_hole_5_bunker</name>
		<LookAt>
			<longitude>-72.43988671394116</longitude>
			<latitude>40.90042811778942</latitude>
			<altitude>4.491412094021452</altitude>
			<heading>35.36865084970939</heading>
			<tilt>0.09438037807591232</tilt>
			<gx:fovy>30</gx:fovy>
			<range>53.82879245549704</range>
			<altitudeMode>absolute</altitudeMode>
		</LookAt>
		<styleUrl>#__managed_style_0B62E1DD0D402FE367CE</styleUrl>
		<Polygon>
			<outerBoundaryIs>
				<LinearRing>
					<coordinates>
						-72.43992369658825,40.90037951046292,0 -72.43989377776666,40.90041433043287,0 -72.43986927210238,40.9004456270694,0 -72.43982956007336,40.90046727566267,0 -72.43978836007435,40.90047885276302,0 -72.43976472742821,40.90051421363972,0 -72.43977162004586,40.90054535884251,0 -72.43976206518197,40.90055519217164,0 -72.43974572289892,40.90055283966475,0 -72.43972653181488,40.90056245628178,0 -72.43969154517775,40.90061275578626,0 -72.43968408551683,40.90065781969706,0 -72.43971982627424,40.90069248900699,0 -72.43978703737868,40.90070840537878,0 -72.43985330085268,40.90069617890973,0 -72.43987920784832,40.90064781417918,0 -72.43992887358932,40.90062091226941,0 -72.43997020348012,40.90060960988107,0 -72.43999069508122,40.90057938968994,0 -72.44005071672488,40.90051838529488,0 -72.44007500820202,40.90045346149522,0 -72.44006130109449,40.90039554911213,0 -72.440030008566,40.90036255352723,0 -72.43996479873073,40.90036314015741,0 -72.43992369658825,40.90037951046292,0 
					</coordinates>
				</LinearRing>
			</outerBoundaryIs>
		</Polygon>
	</Placemark>
	<Placemark id="03BF152C80403024692C">
		<name>shinnecock_hills_hole_5_bunker</name>
		<LookAt>
			<longitude>-72.43912713591153</longitude>
			<latitude>40.90111793730451</latitude>
			<altitude>3.938655059580198</altitude>
			<heading>35.36930688568322</heading>
			<tilt>0.09438049699178029</tilt>
			<gx:fovy>30</gx:fovy>
			<range>62.16005587256406</range>
			<altitudeMode>absolute</altitudeMode>
		</LookAt>
		<styleUrl>#__managed_style_0B62E1DD0D402FE367CE</styleUrl>
		<Polygon>
			<outerBoundaryIs>
				<LinearRing>
					<coordinates>
						-72.43914491663512,40.90114306428382,0 -72.43918446816643,40.90114679557302,0 -72.43920475369254,40.90114716202845,0 -72.43923054185687,40.90113052510022,0 -72.43924104274721,40.90109984401479,0 -72.4392253889587,40.90108154853034,0 -72.43920173110472,40.90106818133892,0 -72.43916233316004,40.90107414821964,0 -72.43913278552694,40.90110082548268,0 -72.43912703666665,40.90112663443254,0 -72.43914491663512,40.90114306428382,0 
					</coordinates>
				</LinearRing>
			</outerBoundaryIs>
		</Polygon>
	</Placemark>
	<Placemark id="0EDDD6B0034030435823">
		<name>shinnecock_hills_hole_5_fairway</name>
		<LookAt>
			<longitude>-72.44115554884037</longitude>
			<latitude>40.89875819659381</latitude>
			<altitude>5.489873243749539</altitude>
			<heading>52.03193086104645</heading>
			<tilt>0</tilt>
			<gx:fovy>29.99999999999999</gx:fovy>
			<range>200.595169178996</range>
			<altitudeMode>absolute</altitudeMode>
		</LookAt>
		<styleUrl>#__managed_style_0B62E1DD0D402FE367CE</styleUrl>
		<Polygon>
			<outerBoundaryIs>
				<LinearRing>
					<coordinates>
						-72.4414516342342,40.89860318175042,0 -72.44136764604282,40.89860581862396,0 -72.44124307525838,40.89862514736453,0 -72.44107727641112,40.89869727361952,0 -72.44087684313396,40.89882235337154,0 -72.44078830595626,40.8989060994097,0 -72.44058098383717,40.89912705358601,0 -72.44053857536336,40.89919137961109,0 -72.44053079719352,40.89926445667371,0 -72.44057709311645,40.8993268244796,0 -72.44066885602496,40.89934873376745,0 -72.44076743085067,40.8992965901957,0 -72.44089464289738,40.89923028393581,0 -72.44094157146506,40.89918921325848,0 -72.4409920816408,40.89915454785354,0 -72.44107706695563,40.89911836813956,0 -72.44115830188865,40.89910348607611,0 -72.44122191468566,40.89914025446895,0 -72.44126272197933,40.89920381903993,0 -72.44120141734957,40.89926862858196,0 -72.44109306281558,40.89932088036798,0 -72.44096700890016,40.89937136395022,0 -72.44084990932707,40.89943794734553,0 -72.44067190448752,40.8995565323699,0 -72.44045316936166,40.89973645842195,0 -72.44027302370091,40.89992192142823,0 -72.4401527615906,40.90006464063687,0 -72.44003456616248,40.90023730498771,0 -72.44002513668094,40.90031547582032,0 -72.4400682459453,40.90037200312078,0 -72.44009551279871,40.90043583357625,0 -72.44007906372322,40.90051800170635,0 -72.44000017892289,40.9006042475604,0 -72.43991557827039,40.90065923584687,0 -72.43987964407168,40.90070392957017,0 -72.43981567059095,40.90072422342248,0 -72.43971234142886,40.90070431674031,0 -72.43963416059867,40.90068892437538,0 -72.4395598863122,40.90070520489791,0 -72.43937221428388,40.90078627710632,0 -72.43918596660266,40.900886884557,0 -72.43911846348269,40.9009443526954,0 -72.43902377249236,40.90100443445014,0 -72.43893019545115,40.90101845680323,0 -72.43884143571262,40.90104313555207,0 -72.43876014645363,40.90110832887851,0 -72.43866435299586,40.90118072180335,0 -72.43856872360385,40.90119104278183,0 -72.43849593764793,40.90122202868188,0 -72.43847945941324,40.90131368678589,0 -72.43855874549405,40.90138818270585,0 -72.43875186800749,40.90149209571667,0 -72.43892918356273,40.90155398512965,0 -72.43912174570704,40.90161282815481,0 -72.43929356153943,40.90158156285529,0 -72.4394287701632,40.90150553798782,0 -72.43953845514923,40.90144236100907,0 -72.4396403441892,40.90125591966078,0 -72.43961673795408,40.90120811829333,0 -72.43963807119805,40.90115364774859,0 -72.43971111498475,40.90110654931092,0 -72.43981795440365,40.90102307599965,0 -72.43985839863238,40.9009538776433,0 -72.43990685386122,40.90090869639862,0 -72.44001360537627,40.90087324699913,0 -72.44011044429344,40.90087751964103,0 -72.44020775702933,40.9008414138931,0 -72.44033205296567,40.90074772187582,0 -72.44042376322363,40.90061233615818,0 -72.4405571313348,40.90034587159011,0 -72.44065933616561,40.9002080587582,0 -72.44073775459019,40.90012534980512,0 -72.44084026286872,40.90005901327438,0 -72.44093788945355,40.89999594481858,0 -72.44104493177069,40.89992536900355,0 -72.44110922305532,40.89985277676073,0 -72.44112710518669,40.89979704058261,0 -72.44117838364689,40.8997466306521,0 -72.44123230739478,40.89972456901513,0 -72.44128666257456,40.89971014798217,0 -72.44132368259022,40.89970631584809,0 -72.44137184434861,40.89969173257328,0 -72.44144937794144,40.89965713172451,0 -72.44151740583159,40.89959380034121,0 -72.44157973635156,40.89950502524014,0 -72.44161509179276,40.89939222256287,0 -72.44157345581316,40.89928761719284,0 -72.44149466450678,40.89919823098236,0 -72.44141952707155,40.89916525838272,0 -72.44134652409545,40.89914386279371,0 -72.44128247783023,40.8990998411563,0 -72.44125232458939,40.89904137441169,0 -72.44128693882362,40.89898885429179,0 -72.44138667343007,40.89893392530987,0 -72.44148763785657,40.8988814199143,0 -72.44153793402505,40.89882826836452,0 -72.44155815421242,40.89876290662416,0 -72.4416064459519,40.8987070293601,0 -72.44160332107522,40.89865774726223,0 -72.4415453498618,40.89861817184514,0 -72.4414516342342,40.89860318175042,0 
					</coordinates>
				</LinearRing>
			</outerBoundaryIs>
		</Polygon>
	</Placemark>
	<Placemark id="0748A4F398403043B78C">
		<name>shinnecock_hills_hole_5_green</name>
		<LookAt>
			<longitude>-72.43894893840184</longitude>
			<latitude>40.90123811022369</latitude>
			<altitude>5.025288891421731</altitude>
			<heading>52.03322144808148</heading>
			<tilt>0</tilt>
			<gx:fovy>29.99999999999999</gx:fovy>
			<range>193.2302204400366</range>
			<altitudeMode>absolute</altitudeMode>
		</LookAt>
		<styleUrl>#__managed_style_0B62E1DD0D402FE367CE</styleUrl>
		<Polygon>
			<outerBoundaryIs>
				<LinearRing>
					<coordinates>
						-72.43897821373717,40.90137340968238,0 -72.4390584198013,40.9013754694944,0 -72.43917732674655,40.90137171215945,0 -72.43925554962451,40.90135471213697,0 -72.43931143907808,40.90130537198207,0 -72.43931930347786,40.90124490303766,0 -72.43928765435811,40.90118547943945,0 -72.43925007458549,40.9011537396355,0 -72.43917129967673,40.90116164154418,0 -72.43910359980195,40.90115246211511,0 -72.43905873311475,40.90115369910269,0 -72.43900739913146,40.90119438420312,0 -72.43894410869089,40.90123858806687,0 -72.43891842308935,40.90128812598952,0 -72.43893171681434,40.90132819509265,0 -72.43894288397324,40.90134785651587,0 -72.43897821373717,40.90137340968238,0 
					</coordinates>
				</LinearRing>
			</outerBoundaryIs>
		</Polygon>
	</Placemark>
	<Placemark id="048D0EB5AE40304440EB">
		<name>shinnecock_hills_hole_6_tee</name>
		<LookAt>
			<longitude>-72.43892579206022</longitude>
			<latitude>40.90187959790973</latitude>
			<altitude>4.004235788380393</altitude>
			<heading>-113.5057680344601</heading>
			<tilt>0.059187841821524</tilt>
			<gx:fovy>29.99999999999999</gx:fovy>
			<range>87.05234562176884</range>
			<altitudeMode>absolute</altitudeMode>
		</LookAt>
		<styleUrl>#__managed_style_0B62E1DD0D402FE367CE</styleUrl>
		<Polygon>
			<outerBoundaryIs>
				<LinearRing>
					<coordinates>
						-72.43901594651375,40.90175185407512,0 -72.43890642441846,40.90178585926824,0 -72.43893633101352,40.90183407923976,0 -72.43904161010838,40.9017986208563,0 -72.43901594651375,40.90175185407512,0 
					</coordinates>
				</LinearRing>
			</outerBoundaryIs>
		</Polygon>
	</Placemark>
	<Placemark id="033CD601D740304560E4">
		<name>shinnecock_hills_hole_6_tee</name>
		<LookAt>
			<longitude>-72.43952244206496</longitude>
			<latitude>40.90174488890683</latitude>
			<altitude>4.903517574228562</altitude>
			<heading>-113.5061553953943</heading>
			<tilt>0.05918779999181576</tilt>
			<gx:fovy>29.99999999999999</gx:fovy>
			<range>83.49173327532299</range>
			<altitudeMode>absolute</altitudeMode>
		</LookAt>
		<styleUrl>#__managed_style_0B62E1DD0D402FE367CE</styleUrl>
		<Polygon>
			<outerBoundaryIs>
				<LinearRing>
					<coordinates>
						-72.43949386911454,40.90169281754933,0 -72.43933311699649,40.90173502985849,0 -72.43936165124639,40.90179524382677,0 -72.43952269355955,40.90174754069253,0 -72.43949386911454,40.90169281754933,0 
					</coordinates>
				</LinearRing>
			</outerBoundaryIs>
		</Polygon>
	</Placemark>
	<Placemark id="0EDB74ADDE4030459249">
		<name>shinnecock_hills_hole_6_tee</name>
		<LookAt>
			<longitude>-72.43969381754368</longitude>
			<latitude>40.9015447646673</latitude>
			<altitude>4.792009956975123</altitude>
			<heading>-113.5063154929607</heading>
			<tilt>0.0591878189084783</tilt>
			<gx:fovy>29.99999999999999</gx:fovy>
			<range>85.98343530009515</range>
			<altitudeMode>absolute</altitudeMode>
		</LookAt>
		<styleUrl>#__managed_style_0B62E1DD0D402FE367CE</styleUrl>
		<Polygon>
			<outerBoundaryIs>
				<LinearRing>
					<coordinates>
						-72.43981849270504,40.90146218223431,0 -72.43967667189435,40.90149190309159,0 -72.43969675509034,40.9015422330977,0 -72.43983823601928,40.90150978845724,0 -72.43981849270504,40.90146218223431,0 
					</coordinates>
				</LinearRing>
			</outerBoundaryIs>
		</Polygon>
	</Placemark>
	<Placemark id="0BBD4F5DD1403045C034">
		<name>shinnecock_hills_hole_6_tee</name>
		<LookAt>
			<longitude>-72.44003745085931</longitude>
			<latitude>40.90110463377796</latitude>
			<altitude>5.211410988340866</altitude>
			<heading>-113.5065522413736</heading>
			<tilt>0.05918760833711133</tilt>
			<gx:fovy>29.99999999999999</gx:fovy>
			<range>64.07993175473166</range>
			<altitudeMode>absolute</altitudeMode>
		</LookAt>
		<styleUrl>#__managed_style_0B62E1DD0D402FE367CE</styleUrl>
		<Polygon>
			<outerBoundaryIs>
				<LinearRing>
					<coordinates>
						-72.44006005277519,40.9011095071154,0 -72.43998764539317,40.90111485867234,0 -72.43999062599769,40.9011513187861,0 -72.44006324468133,40.901146660528,0 -72.44006005277519,40.9011095071154,0 
					</coordinates>
				</LinearRing>
			</outerBoundaryIs>
		</Polygon>
	</Placemark>
	<Placemark id="0D371C630F403045E191">
		<name>shinnecock_hills_hole_6_tee</name>
		<LookAt>
			<longitude>-72.44019261292458</longitude>
			<latitude>40.90110234197757</latitude>
			<altitude>5.045428647932406</altitude>
			<heading>-113.506653821647</heading>
			<tilt>0.05918760730260282</tilt>
			<gx:fovy>29.99999999999999</gx:fovy>
			<range>64.24591813254665</range>
			<altitudeMode>absolute</altitudeMode>
		</LookAt>
		<styleUrl>#__managed_style_0B62E1DD0D402FE367CE</styleUrl>
		<Polygon>
			<outerBoundaryIs>
				<LinearRing>
					<coordinates>
						-72.44024618568076,40.90109600777303,0 -72.44014585901196,40.901102913679,0 -72.44015009118637,40.90114222589484,0 -72.44025191544137,40.90113465001169,0 -72.44024618568076,40.90109600777303,0 
					</coordinates>
				</LinearRing>
			</outerBoundaryIs>
		</Polygon>
	</Placemark>
	<Placemark id="0C208CA9D54030487D47">
		<name>shinnecock_hills_hole_6_fairway</name>
		<LookAt>
			<longitude>-72.43940245369825</longitude>
			<latitude>40.90182196039662</latitude>
			<altitude>4.50226884993601</altitude>
			<heading>246.3357422481847</heading>
			<tilt>0</tilt>
			<gx:fovy>29.99999999999999</gx:fovy>
			<range>60.54792636029561</range>
			<altitudeMode>absolute</altitudeMode>
		</LookAt>
		<styleUrl>#__managed_style_0B62E1DD0D402FE367CE</styleUrl>
		<Polygon>
			<outerBoundaryIs>
				<LinearRing>
					<coordinates>
						-72.43933389049781,40.90181464875081,0 -72.43934942425412,40.90182302338817,0 -72.43938464319417,40.90182260434493,0 -72.43945307422159,40.9018008989334,0 -72.43954739570418,40.90177558724206,0 -72.43959788838534,40.90176482132688,0 -72.43961299880114,40.90173219603388,0 -72.43962254183191,40.90169001520358,0 -72.4396605047764,40.90163821933503,0 -72.43969442241286,40.90158797824123,0 -72.43969639166535,40.901550060747,0 -72.43967207142161,40.90149201573698,0 -72.43967490734221,40.90146474748305,0 -72.4397363850197,40.90144089755172,0 -72.43985758657561,40.90141798255856,0 -72.43994709194403,40.90138239362941,0 -72.44005757460141,40.90132218812013,0 -72.44016312758527,40.90127896183711,0 -72.44034860485495,40.90121404436728,0 -72.44047337701979,40.90119222417844,0 -72.44063104717479,40.90119673383493,0 -72.44079249981124,40.90117795227143,0 -72.44097156195768,40.90109878969126,0 -72.4411262487409,40.90100669243159,0 -72.44122056536114,40.9009054898203,0 -72.44138539172498,40.90077810322534,0 -72.44148594955553,40.90071281138067,0 -72.44159648720756,40.90071910404223,0 -72.4416672406538,40.90076937965909,0 -72.4416876604493,40.90082087489721,0 -72.44162054253894,40.9008730857803,0 -72.44148864843369,40.90091346103736,0 -72.44141680604147,40.90096492598638,0 -72.44140437556457,40.9010341039259,0 -72.44144407476128,40.9011331705541,0 -72.44155848221085,40.90118104607496,0 -72.44171608754954,40.90124314086859,0 -72.4418469658011,40.90127059427952,0 -72.44200048804019,40.90127056445672,0 -72.4420763285562,40.90116324572374,0 -72.44215788715768,40.90113380538347,0 -72.44233772796618,40.90110979749534,0 -72.4425571935095,40.9010823364743,0 -72.44267187486186,40.90102290329744,0 -72.44278547903215,40.9009975513477,0 -72.44288849738652,40.90101397164278,0 -72.44298416993273,40.90102436847816,0 -72.44307846144824,40.90099059177161,0 -72.44321400228986,40.90094964046614,0 -72.44333416839304,40.9009250561265,0 -72.44343885414243,40.90098340348768,0 -72.44348917631328,40.90106797835887,0 -72.44347110350286,40.90117722689388,0 -72.44341690826312,40.90130194790657,0 -72.4433995312085,40.90139007846099,0 -72.44343209096448,40.90142623561721,0 -72.44352795921156,40.90140007920216,0 -72.44361773789191,40.90139275847557,0 -72.44372932292077,40.90141400324649,0 -72.44375915955646,40.90146734068628,0 -72.44379272592219,40.90151623456646,0 -72.44389183744076,40.90153045843969,0 -72.44407649588965,40.90153158930602,0 -72.44422955927301,40.90149097408984,0 -72.44435436841248,40.901406101414,0 -72.44439154438427,40.90132728203611,0 -72.4443891335372,40.90119629947561,0 -72.44429915986746,40.90112790541083,0 -72.44415203159969,40.90112371222875,0 -72.44412721743768,40.90115801574618,0 -72.44405594919273,40.90120543087981,0 -72.44390649687016,40.90123028809812,0 -72.44382328119664,40.90116483440565,0 -72.44380484591403,40.90104873652515,0 -72.44366324619486,40.90089620172036,0 -72.44350521508019,40.90078151127933,0 -72.4432479351823,40.90075379910499,0 -72.44249070496134,40.90072467825348,0 -72.44226474395595,40.90074800927225,0 -72.44211663825793,40.90076748927797,0 -72.4419719903542,40.90074455165296,0 -72.44190137266533,40.90065756867351,0 -72.44190271490768,40.90059668456817,0 -72.4418782696963,40.90054635935304,0 -72.44183906733871,40.90050419141333,0 -72.44178627954429,40.90047656870178,0 -72.44167018886161,40.90045223256065,0 -72.44145225055978,40.90046579011184,0 -72.4412234039265,40.90052950571674,0 -72.44101117141115,40.90061305948968,0 -72.44062912800257,40.90087221722109,0 -72.44036024221698,40.9010820833805,0 -72.44030576565991,40.90113527240002,0 -72.44020620112346,40.90117955614939,0 -72.44013794422844,40.90120101401967,0 -72.4400901086551,40.90121446973221,0 -72.4400339073799,40.90123208315652,0 -72.43997992306652,40.90125046825004,0 -72.43990793332404,40.90127146654647,0 -72.43984996207287,40.90128585622148,0 -72.43979741929009,40.90129443729145,0 -72.4397557027246,40.9012980568219,0 -72.43971777768151,40.90129363706883,0 -72.4396846178732,40.90128382841143,0 -72.43965146364103,40.90126806479712,0 -72.43964110439521,40.90125706814086,0 -72.43953919095931,40.90144273270278,0 -72.43956091046741,40.90143695143986,0 -72.43959348993504,40.90144480041631,0 -72.43962649838751,40.90146986664649,0 -72.43963201646361,40.90150792367065,0 -72.43961914914107,40.90155401107972,0 -72.43959231476181,40.90160394799235,0 -72.43951700753549,40.90164706089838,0 -72.43932729606253,40.90170062864907,0 -72.43929545056353,40.90171841769182,0 -72.43929560496497,40.90176531123423,0 -72.43931723065509,40.90179692863184,0 -72.43933389049781,40.90181464875081,0 
					</coordinates>
				</LinearRing>
			</outerBoundaryIs>
		</Polygon>
	</Placemark>
	<Placemark id="01ECDF6CF9403049A660">
		<name>shinnecock_hills_hole_6_bunker</name>
		<LookAt>
			<longitude>-72.44200835745424</longitude>
			<latitude>40.90069706241411</latitude>
			<altitude>2.113100126589593</altitude>
			<heading>-113.6675911875339</heading>
			<tilt>0.05903445868893525</tilt>
			<gx:fovy>29.99999999999999</gx:fovy>
			<range>102.2601941704852</range>
			<altitudeMode>absolute</altitudeMode>
		</LookAt>
		<styleUrl>#__managed_style_0B62E1DD0D402FE367CE</styleUrl>
		<Polygon>
			<outerBoundaryIs>
				<LinearRing>
					<coordinates>
						-72.44204580637425,40.90054439688853,0 -72.44200108902315,40.90054980236401,0 -72.44194621714327,40.90053352122655,0 -72.44191440141695,40.90053744963482,0 -72.44188686663622,40.90055393477778,0 -72.44191913051233,40.9005749771105,0 -72.44195973014939,40.90057821356463,0 -72.44200332243445,40.90059086361334,0 -72.44204094010482,40.90059104400259,0 -72.44207671171239,40.90057925404997,0 -72.44207446070011,40.90056038730849,0 -72.44205978564972,40.90054983798773,0 -72.44204580637425,40.90054439688853,0 
					</coordinates>
				</LinearRing>
			</outerBoundaryIs>
		</Polygon>
	</Placemark>
	<Placemark id="097EEC541C40304A0761">
		<name>shinnecock_hills_hole_6_bunker</name>
		<LookAt>
			<longitude>-72.44217225122429</longitude>
			<latitude>40.90073861103853</latitude>
			<altitude>2.153157111173927</altitude>
			<heading>-113.639277992025</heading>
			<tilt>0.05903445642316402</tilt>
			<gx:fovy>29.99999999999999</gx:fovy>
			<range>102.2201316899918</range>
			<altitudeMode>absolute</altitudeMode>
		</LookAt>
		<styleUrl>#__managed_style_0B62E1DD0D402FE367CE</styleUrl>
		<Polygon>
			<outerBoundaryIs>
				<LinearRing>
					<coordinates>
						-72.4420873447028,40.90061216803682,0 -72.4420760109101,40.90060399004305,0 -72.44206245012701,40.90060126788217,0 -72.44201932053622,40.90060534938188,0 -72.4419753945667,40.90061997827842,0 -72.44193828848552,40.90063938791897,0 -72.44192486459976,40.90066571562475,0 -72.44193449522456,40.90068789802054,0 -72.44195471396181,40.90069000209255,0 -72.4419797683163,40.90067290452817,0 -72.44202044210159,40.90065685448437,0 -72.44206257194465,40.9006506286504,0 -72.44207427881101,40.90064527225289,0 -72.44208003573576,40.90063647314842,0 -72.44208692818555,40.90062785933947,0 -72.4420873447028,40.90061216803682,0 
					</coordinates>
				</LinearRing>
			</outerBoundaryIs>
		</Polygon>
	</Placemark>
	<Placemark id="014748381340304A3718">
		<name>shinnecock_hills_hole_6_bunker</name>
		<LookAt>
			<longitude>-72.44218814039999</longitude>
			<latitude>40.90068196221203</latitude>
			<altitude>1.997188492430657</altitude>
			<heading>-113.667698095116</heading>
			<tilt>0.1200014103575385</tilt>
			<gx:fovy>29.99999999999999</gx:fovy>
			<range>41.22668841200267</range>
			<altitudeMode>absolute</altitudeMode>
		</LookAt>
		<styleUrl>#__managed_style_0B62E1DD0D402FE367CE</styleUrl>
		<Polygon>
			<outerBoundaryIs>
				<LinearRing>
					<coordinates>
						-72.44219583821733,40.90064432071156,0 -72.44218812613646,40.90063313360336,0 -72.44218595007216,40.90062282327957,0 -72.44216406488958,40.90061218419035,0 -72.44213805625746,40.90061035105072,0 -72.44212362723255,40.90061517605676,0 -72.44210579809572,40.90063881040822,0 -72.44210746436609,40.90065930335093,0 -72.4421239042977,40.90067686387617,0 -72.44214467900547,40.9006791990989,0 -72.44216723604906,40.90067707382712,0 -72.4421885798274,40.90066410622187,0 -72.44219736462234,40.900654965356,0 -72.44219583821733,40.90064432071156,0 
					</coordinates>
				</LinearRing>
			</outerBoundaryIs>
		</Polygon>
	</Placemark>
	<Placemark id="0F3F22E83840304A7FB7">
		<name>shinnecock_hills_hole_6_bunker</name>
		<LookAt>
			<longitude>-72.4420680081944</longitude>
			<latitude>40.90069562373152</latitude>
			<altitude>2.035827502778182</altitude>
			<heading>-113.6987043758314</heading>
			<tilt>0.2483079932996886</tilt>
			<gx:fovy>29.99999999999999</gx:fovy>
			<range>41.17607143220084</range>
			<altitudeMode>absolute</altitudeMode>
		</LookAt>
		<styleUrl>#__managed_style_0B62E1DD0D402FE367CE</styleUrl>
		<Polygon>
			<outerBoundaryIs>
				<LinearRing>
					<coordinates>
						-72.44213968153419,40.90070228283388,0 -72.44212084220608,40.90069130283963,0 -72.44209052986319,40.90069164220202,0 -72.44204873475387,40.90069010101872,0 -72.44201818252668,40.90068880295483,0 -72.44197933954364,40.90069875934925,0 -72.44197963446462,40.90070843739591,0 -72.44199887133962,40.90072326349849,0 -72.44200933628395,40.90073194865303,0 -72.44205668914466,40.90073441190196,0 -72.44208715681317,40.90074167310752,0 -72.44210569684016,40.90074459837539,0 -72.44212946880361,40.90073888903534,0 -72.44214430691495,40.90072625013285,0 -72.44214952791167,40.90071611030476,0 -72.44213968153419,40.90070228283388,0 
					</coordinates>
				</LinearRing>
			</outerBoundaryIs>
		</Polygon>
	</Placemark>
	<Placemark id="03F5B94B1F40304ABC57">
		<name>shinnecock_hills_hole_6_bunker</name>
		<LookAt>
			<longitude>-72.44274433743263</longitude>
			<latitude>40.90108720808064</latitude>
			<altitude>1.552086216670558</altitude>
			<heading>-113.7000311052874</heading>
			<tilt>0.2500678895020254</tilt>
			<gx:fovy>29.99999999999999</gx:fovy>
			<range>66.22850100978214</range>
			<altitudeMode>absolute</altitudeMode>
		</LookAt>
		<styleUrl>#__managed_style_0B62E1DD0D402FE367CE</styleUrl>
		<Polygon>
			<outerBoundaryIs>
				<LinearRing>
					<coordinates>
						-72.44270657484304,40.90104242713035,0 -72.44269438691806,40.90105201374485,0 -72.4427064117482,40.90106441813683,0 -72.44273543098987,40.90107244332095,0 -72.44275720447398,40.90107478223258,0 -72.44277160161167,40.90106298003469,0 -72.44277084312178,40.90105405459477,0 -72.442759414474,40.90105648739164,0 -72.4427418474705,40.90104925585729,0 -72.44274450997851,40.90103671286155,0 -72.44272919947694,40.9010204450548,0 -72.4427031029513,40.90103032369649,0 -72.44270657484304,40.90104242713035,0 
					</coordinates>
				</LinearRing>
			</outerBoundaryIs>
		</Polygon>
	</Placemark>
	<Placemark id="0AF924CC4E40304B0778">
		<name>shinnecock_hills_hole_6_bunker</name>
		<LookAt>
			<longitude>-72.44220380302897</longitude>
			<latitude>40.90118672965428</latitude>
			<altitude>2.424236914987501</altitude>
			<heading>-113.7289067596628</heading>
			<tilt>0.2763318470012855</tilt>
			<gx:fovy>29.99999999999999</gx:fovy>
			<range>24.9875873461724</range>
			<altitudeMode>absolute</altitudeMode>
		</LookAt>
		<styleUrl>#__managed_style_0B62E1DD0D402FE367CE</styleUrl>
		<Polygon>
			<outerBoundaryIs>
				<LinearRing>
					<coordinates>
						-72.44221743308633,40.90116113773977,0 -72.44223744533505,40.90116431627951,0 -72.44225185854862,40.901152974997,0 -72.44223547619852,40.90114335879886,0 -72.4421991643092,40.9011490385546,0 -72.44215917405317,40.90115416325713,0 -72.44215938967633,40.90117396967216,0 -72.44217195066035,40.90118531069802,0 -72.44217942520811,40.90118692634972,0 -72.44217893686097,40.90117888417685,0 -72.44218688628133,40.9011773376854,0 -72.44219296151441,40.90118106171602,0 -72.44220533244761,40.90117872670346,0 -72.44220973102954,40.90117020396197,0 -72.44221298173575,40.90116473194271,0 -72.44221743308633,40.90116113773977,0 
					</coordinates>
				</LinearRing>
			</outerBoundaryIs>
		</Polygon>
	</Placemark>
	<Placemark id="0612FD78FE40304B5F47">
		<name>shinnecock_hills_hole_6_water</name>
		<LookAt>
			<longitude>-72.44339573400181</longitude>
			<latitude>40.90135045416082</latitude>
			<altitude>0.7892611451364684</altitude>
			<heading>-113.7873038549414</heading>
			<tilt>0.4573502517199322</tilt>
			<gx:fovy>29.99999999999999</gx:fovy>
			<range>199.2256511880259</range>
			<altitudeMode>absolute</altitudeMode>
		</LookAt>
		<styleUrl>#__managed_style_0B62E1DD0D402FE367CE</styleUrl>
		<Polygon>
			<outerBoundaryIs>
				<LinearRing>
					<coordinates>
						-72.44342215750294,40.90106294967501,0 -72.44338932928569,40.90099130884908,0 -72.44332232492704,40.90097626372766,0 -72.44316711541551,40.90099170797598,0 -72.44308248677051,40.90102687617308,0 -72.4430561635771,40.90111213771202,0 -72.44302849424443,40.90115767370089,0 -72.44308066092405,40.9012675214247,0 -72.44309806419605,40.90135039429167,0 -72.44312294237538,40.9014227608745,0 -72.44317501871785,40.9014706400866,0 -72.44323082339403,40.90146686144957,0 -72.44328914232159,40.90145410902505,0 -72.44330197173289,40.90141122088183,0 -72.44329589625799,40.90136973241829,0 -72.44332980380818,40.90133084346012,0 -72.44334991375455,40.90127895468434,0 -72.44337582174992,40.90121357914771,0 -72.44340183047193,40.90116629400084,0 -72.44342411870403,40.90112489188342,0 -72.44343141215241,40.90110019795971,0 -72.44342215750294,40.90106294967501,0 
					</coordinates>
				</LinearRing>
			</outerBoundaryIs>
		</Polygon>
	</Placemark>
	<Placemark id="0B575F6A3840304B9670">
		<name>shinnecock_hills_hole_6_bunker</name>
		<LookAt>
			<longitude>-72.44339573400181</longitude>
			<latitude>40.90135045416082</latitude>
			<altitude>0.7892611451364684</altitude>
			<heading>-113.7873038549458</heading>
			<tilt>0.4573502517143538</tilt>
			<gx:fovy>29.99999999999999</gx:fovy>
			<range>199.2256511880259</range>
			<altitudeMode>absolute</altitudeMode>
		</LookAt>
		<styleUrl>#__managed_style_0B62E1DD0D402FE367CE</styleUrl>
		<Polygon>
			<outerBoundaryIs>
				<LinearRing>
					<coordinates>
						-72.4435750878625,40.90151356580895,0 -72.44363850461266,40.90150170988116,0 -72.44369452116911,40.90148308253835,0 -72.44374276592721,40.90146385711846,0 -72.44373689325768,40.90143664871121,0 -72.44370391646332,40.90142341070059,0 -72.44361073856354,40.90140801175277,0 -72.44353598597138,40.90140847248191,0 -72.4434865930026,40.90143400260179,0 -72.44346857431448,40.90146684558814,0 -72.44349186511579,40.90149763711732,0 -72.44352907835514,40.90148968695285,0 -72.4435750878625,40.90151356580895,0 
					</coordinates>
				</LinearRing>
			</outerBoundaryIs>
		</Polygon>
	</Placemark>
	<Placemark id="098719946F40304BF597">
		<name>shinnecock_hills_hole_6_bunker</name>
		<LookAt>
			<longitude>-72.44403784623972</longitude>
			<latitude>40.90120828866524</latitude>
			<altitude>3.201673083479319</altitude>
			<heading>-113.944111400748</heading>
			<tilt>0.3090131199803096</tilt>
			<gx:fovy>29.99999999999999</gx:fovy>
			<range>65.86027269435363</range>
			<altitudeMode>absolute</altitudeMode>
		</LookAt>
		<styleUrl>#__managed_style_0B62E1DD0D402FE367CE</styleUrl>
		<Polygon>
			<outerBoundaryIs>
				<LinearRing>
					<coordinates>
						-72.44410046290463,40.90117354136323,0 -72.44409750424703,40.90115505999982,0 -72.4440736708566,40.90113340411713,0 -72.44404850417726,40.90112654372803,0 -72.44402518738593,40.90112154185698,0 -72.44398987145021,40.90109959181192,0 -72.44396722293482,40.90109066975174,0 -72.44392858611427,40.90107764051847,0 -72.44389861162038,40.90107541516485,0 -72.44386899056151,40.90109203585386,0 -72.44384095117813,40.90111870321333,0 -72.44382647362887,40.90113950167104,0 -72.44383292878345,40.90116534661531,0 -72.44385583402057,40.90118960391553,0 -72.44389297360198,40.90121419318367,0 -72.44392108052212,40.90122569658003,0 -72.44394770137698,40.90122206278319,0 -72.44396575170376,40.9012116896723,0 -72.44398646711331,40.90120317533308,0 -72.44398939596627,40.90118719529956,0 -72.4439936899075,40.90117912087842,0 -72.44401085117732,40.90118346567928,0 -72.44402511745682,40.90119696046766,0 -72.44405126987436,40.90119704647029,0 -72.44406846643702,40.90119144394468,0 -72.44408468862139,40.90118404251896,0 -72.44410046290463,40.90117354136323,0 
					</coordinates>
				</LinearRing>
			</outerBoundaryIs>
		</Polygon>
	</Placemark>
	<Placemark id="0BC627CA4D40304C4163">
		<name>shinnecock_hills_hole_6_green</name>
		<LookAt>
			<longitude>-72.44417597556325</longitude>
			<latitude>40.90127191597607</latitude>
			<altitude>3.625913314378773</altitude>
			<heading>-129.0512640611651</heading>
			<tilt>0.1269641379404709</tilt>
			<gx:fovy>30</gx:fovy>
			<range>148.9699058610313</range>
			<altitudeMode>absolute</altitudeMode>
		</LookAt>
		<styleUrl>#__managed_style_0B62E1DD0D402FE367CE</styleUrl>
		<Polygon>
			<outerBoundaryIs>
				<LinearRing>
					<coordinates>
						-72.44390405550453,40.90135420281236,0 -72.4439210035308,40.90137600350693,0 -72.44396736907456,40.90140007644121,0 -72.44403990105286,40.90142076289143,0 -72.44413447799148,40.90142364147626,0 -72.44422051371502,40.90140080640363,0 -72.44427106271205,40.90135955919554,0 -72.44429114241584,40.90130749082164,0 -72.44425692092251,40.90123731038737,0 -72.44419447887289,40.90118600024607,0 -72.4441439996221,40.90118355951267,0 -72.444081510412,40.90120355945248,0 -72.44400413406404,40.90122399712471,0 -72.44392361300925,40.9012495732488,0 -72.44388897757578,40.90128877892195,0 -72.44389501887837,40.90132933410771,0 -72.44390405550453,40.90135420281236,0 
					</coordinates>
				</LinearRing>
			</outerBoundaryIs>
		</Polygon>
	</Placemark>
	<Placemark id="00E41E32A040304C8D71">
		<name>shinnecock_hills_hole_6_bunker</name>
		<LookAt>
			<longitude>-72.44059576554972</longitude>
			<latitude>40.90132891934985</latitude>
			<altitude>3.317563547424973</altitude>
			<heading>-129.0205110857744</heading>
			<tilt>0.07162415646515212</tilt>
			<gx:fovy>30</gx:fovy>
			<range>102.797694288438</range>
			<altitudeMode>absolute</altitudeMode>
		</LookAt>
		<styleUrl>#__managed_style_0B62E1DD0D402FE367CE</styleUrl>
		<Polygon>
			<outerBoundaryIs>
				<LinearRing>
					<coordinates>
						-72.44050720303137,40.90130408612202,0 -72.44052006739496,40.90128909573944,0 -72.44053483959232,40.90127154206548,0 -72.44051497900375,40.90125534688927,0 -72.44047727175666,40.90124895698587,0 -72.44045436605253,40.90123291442636,0 -72.44043259783957,40.90121486440965,0 -72.44040347493252,40.90121519844349,0 -72.44037276930122,40.90122777180477,0 -72.4403556781045,40.90125008681327,0 -72.44036969167963,40.901264431887,0 -72.44040033195,40.90127681073339,0 -72.44041457139916,40.90129004143748,0 -72.44041757223604,40.90131476789363,0 -72.44044360951963,40.90134050630437,0 -72.44047413331104,40.90133111166676,0 -72.44050720303137,40.90130408612202,0 
					</coordinates>
				</LinearRing>
			</outerBoundaryIs>
		</Polygon>
	</Placemark>
	<Placemark id="01ABB1327640304CB578">
		<name>shinnecock_hills_hole_6_bunker</name>
		<LookAt>
			<longitude>-72.44059551632746</longitude>
			<latitude>40.90132905554736</latitude>
			<altitude>3.317657890326664</altitude>
			<heading>230.9501803985017</heading>
			<tilt>0</tilt>
			<gx:fovy>30</gx:fovy>
			<range>102.7947043781205</range>
			<altitudeMode>absolute</altitudeMode>
		</LookAt>
		<styleUrl>#__managed_style_0B62E1DD0D402FE367CE</styleUrl>
		<Polygon>
			<outerBoundaryIs>
				<LinearRing>
					<coordinates>
						-72.44059527717398,40.90138565358101,0 -72.44061922598705,40.90139118635717,0 -72.44064239582434,40.90140221435016,0 -72.44066203445882,40.90139512122406,0 -72.44064324290392,40.90135751006189,0 -72.44060416542253,40.90133316163242,0 -72.44055828626632,40.90134044405912,0 -72.44050958703593,40.90136982784794,0 -72.44050279205683,40.90138896768742,0 -72.44052850262008,40.90138994565544,0 -72.4405660787414,40.90138298256943,0 -72.44059527717398,40.90138565358101,0 
					</coordinates>
				</LinearRing>
			</outerBoundaryIs>
		</Polygon>
	</Placemark>
	<Placemark id="0FCC2F2F3840304CD9D4">
		<name>shinnecock_hills_hole_6_bunker</name>
		<LookAt>
			<longitude>-72.44100540755421</longitude>
			<latitude>40.90135084779778</latitude>
			<altitude>3.51052438714446</altitude>
			<heading>230.9499105692207</heading>
			<tilt>0</tilt>
			<gx:fovy>30</gx:fovy>
			<range>102.6018435738479</range>
			<altitudeMode>absolute</altitudeMode>
		</LookAt>
		<styleUrl>#__managed_style_0B62E1DD0D402FE367CE</styleUrl>
		<Polygon>
			<outerBoundaryIs>
				<LinearRing>
					<coordinates>
						-72.44102913262392,40.90134305395145,0 -72.44097814789623,40.90131893532745,0 -72.44095145640792,40.90133244117872,0 -72.44095135222929,40.90135144916249,0 -72.44098039739322,40.9013672886357,0 -72.44101526961086,40.90136323308717,0 -72.44102736090178,40.9013581563687,0 -72.44102913262392,40.90134305395145,0 
					</coordinates>
				</LinearRing>
			</outerBoundaryIs>
		</Polygon>
	</Placemark>
	<Placemark id="03A165E2BC40304DB0A4">
		<name>shinnecock_hills_hole_6_bunker</name>
		<LookAt>
			<longitude>-72.44095481020055</longitude>
			<latitude>40.90129713009121</latitude>
			<altitude>3.122695156194897</altitude>
			<heading>255.2701014705859</heading>
			<tilt>0</tilt>
			<gx:fovy>30</gx:fovy>
			<range>126.8252973383278</range>
			<altitudeMode>absolute</altitudeMode>
		</LookAt>
		<styleUrl>#__managed_style_0B62E1DD0D402FE367CE</styleUrl>
		<Polygon>
			<outerBoundaryIs>
				<LinearRing>
					<coordinates>
						-72.44077979042289,40.90133205808254,0 -72.4408259947113,40.90131920990891,0 -72.4408942365974,40.90129792682585,0 -72.44095122022429,40.90129443849995,0 -72.44100710940538,40.90128697158434,0 -72.44104263176641,40.9012735205986,0 -72.44109691963779,40.90125067016731,0 -72.44117977186743,40.90123137196873,0 -72.44124568487827,40.9012223545592,0 -72.44129655669727,40.90122857321207,0 -72.44133145921541,40.901240351303,0 -72.44135263125415,40.90125745668766,0 -72.44135231492167,40.90128742866827,0 -72.44134786428695,40.90132310532616,0 -72.44135907270147,40.9013599122142,0 -72.44138880932086,40.90137804771736,0 -72.44142039528317,40.90137622353336,0 -72.44143739931485,40.90135967993312,0 -72.44143512579886,40.9013259568198,0 -72.44143681556514,40.90129922020077,0 -72.44145423293092,40.90128873186282,0 -72.44147505514192,40.90129567827798,0 -72.44150763042292,40.90130661171833,0 -72.44153634728237,40.90131787186564,0 -72.44156433745613,40.90131093957321,0 -72.44157346485545,40.90129083686686,0 -72.44156409535249,40.9012738794588,0 -72.44154257885964,40.90123972498422,0 -72.44153079379467,40.9011992478472,0 -72.44149897809403,40.90119606271848,0 -72.44144628549573,40.90117615977308,0 -72.44139780489436,40.90114903530447,0 -72.44137748737741,40.90112937667567,0 -72.44137333143175,40.9010875780171,0 -72.44135802269881,40.90105064034038,0 -72.44133241618346,40.90104791694343,0 -72.44130166703175,40.90106009092292,0 -72.44128632337014,40.90108526066994,0 -72.44127932752554,40.90110785203937,0 -72.44124741523666,40.90110854501697,0 -72.44124423065301,40.9011254213205,0 -72.44124650677504,40.90113576469764,0 -72.44125698069006,40.9011389706834,0 -72.441290118431,40.90112979013648,0 -72.44131730258501,40.90113654303936,0 -72.44134575507495,40.90114625961947,0 -72.44135864407231,40.90116636977724,0 -72.44133346909815,40.90119446992141,0 -72.44129846877092,40.90119960753974,0 -72.44127970156774,40.90117999122824,0 -72.44123382968313,40.90114252055179,0 -72.44120749865053,40.90113856372154,0 -72.44114489065107,40.90111280856307,0 -72.44108735289799,40.90108872682297,0 -72.44106325235653,40.90110834992393,0 -72.44103569573282,40.90114506491385,0 -72.44100182031522,40.90119383484306,0 -72.44095211591026,40.901222828405,0 -72.44089048665973,40.90122588508491,0 -72.44084810095377,40.90124816841426,0 -72.44080270702584,40.90126022933931,0 -72.44075814992998,40.90125122829873,0 -72.44068100453093,40.90126309383754,0 -72.44061957472036,40.90127827076589,0 -72.44060172145156,40.90129158586154,0 -72.44061142110226,40.90130835591531,0 -72.44064036381899,40.90132013636983,0 -72.44067401355126,40.90132053820471,0 -72.44069052226587,40.90133468743458,0 -72.44073676212817,40.90134863839143,0 -72.44077979042289,40.90133205808254,0 
					</coordinates>
				</LinearRing>
			</outerBoundaryIs>
		</Polygon>
	</Placemark>
	<Placemark id="07CB6B4B5C40304DEC20">
		<name>shinnecock_hills_hole_6_bunker</name>
		<LookAt>
			<longitude>-72.44126555461456</longitude>
			<latitude>40.90114694426418</latitude>
			<altitude>3.020229753648327</altitude>
			<heading>-104.640396737431</heading>
			<tilt>0.0624393606136169</tilt>
			<gx:fovy>30</gx:fovy>
			<range>47.06877616262773</range>
			<altitudeMode>absolute</altitudeMode>
		</LookAt>
		<styleUrl>#__managed_style_0B62E1DD0D402FE367CE</styleUrl>
		<Polygon>
			<outerBoundaryIs>
				<LinearRing>
					<coordinates>
						-72.44124383371754,40.90109697256484,0 -72.44124269140747,40.90108169667068,0 -72.44124178821831,40.90106454772772,0 -72.44123186596693,40.90105583904769,0 -72.44120924572402,40.90105074338045,0 -72.44118979892255,40.90105507854716,0 -72.4411716051858,40.90106315881899,0 -72.44115416078846,40.90106409008367,0 -72.44115546298836,40.90107230775912,0 -72.44116465930759,40.90108295925373,0 -72.44117874921849,40.90109802093205,0 -72.44120170163887,40.90110978489858,0 -72.44123005422223,40.90110973723262,0 -72.44124383371754,40.90109697256484,0 
					</coordinates>
				</LinearRing>
			</outerBoundaryIs>
		</Polygon>
	</Placemark>
	<Placemark id="04D24EDC6340304EEA7E">
		<name>shinnecock_hills_hole_7_tee</name>
		<LookAt>
			<longitude>-72.44513153801314</longitude>
			<latitude>40.90091259675209</latitude>
			<altitude>5.159969842870018</altitude>
			<heading>161.6970168777053</heading>
			<tilt>2.500814392515829</tilt>
			<gx:fovy>30</gx:fovy>
			<range>240.4350288305068</range>
			<altitudeMode>absolute</altitudeMode>
		</LookAt>
		<styleUrl>#__managed_style_0B62E1DD0D402FE367CE</styleUrl>
		<Polygon>
			<outerBoundaryIs>
				<LinearRing>
					<coordinates>
						-72.44490361018529,40.90086988842297,0 -72.44496898413277,40.90104175198903,0 -72.445049548894,40.90102375701478,0 -72.44497959730846,40.90085456577054,0 -72.44490361018529,40.90086988842297,0 
					</coordinates>
				</LinearRing>
			</outerBoundaryIs>
		</Polygon>
	</Placemark>
	<Placemark id="03960A43BA40304F163E">
		<name>shinnecock_hills_hole_7_tee</name>
		<LookAt>
			<longitude>-72.44512444681051</longitude>
			<latitude>40.9007371915651</latitude>
			<altitude>4.02260629648115</altitude>
			<heading>161.6970215207066</heading>
			<tilt>2.50081483917488</tilt>
			<gx:fovy>30</gx:fovy>
			<range>241.5734661558599</range>
			<altitudeMode>absolute</altitudeMode>
		</LookAt>
		<styleUrl>#__managed_style_0B62E1DD0D402FE367CE</styleUrl>
		<Polygon>
			<outerBoundaryIs>
				<LinearRing>
					<coordinates>
						-72.44485275279081,40.90073142771381,0 -72.44488518458299,40.90082186065305,0 -72.44496926366135,40.90080734498569,0 -72.44492999813515,40.90071521593919,0 -72.44485275279081,40.90073142771381,0 
					</coordinates>
				</LinearRing>
			</outerBoundaryIs>
		</Polygon>
	</Placemark>
	<Placemark id="080DCDF84040304F3EE9">
		<name>shinnecock_hills_hole_7_tee</name>
		<LookAt>
			<longitude>-72.44503692182474</longitude>
			<latitude>40.90051536187148</latitude>
			<altitude>3.902991381598337</altitude>
			<heading>161.6969444493498</heading>
			<tilt>2.559620103522326</tilt>
			<gx:fovy>30</gx:fovy>
			<range>89.45109388430865</range>
			<altitudeMode>absolute</altitudeMode>
		</LookAt>
		<styleUrl>#__managed_style_0B62E1DD0D402FE367CE</styleUrl>
		<Polygon>
			<outerBoundaryIs>
				<LinearRing>
					<coordinates>
						-72.44482895346097,40.900505474289,0 -72.44485689757541,40.90057566778042,0 -72.44492933202773,40.90055889594026,0 -72.44490023501112,40.90048979915004,0 -72.44482895346097,40.900505474289,0 
					</coordinates>
				</LinearRing>
			</outerBoundaryIs>
		</Polygon>
	</Placemark>
	<Placemark id="013F1CAADB40304F8A24">
		<name>shinnecock_hills_hole_7_bunker</name>
		<LookAt>
			<longitude>-72.44470137762828</longitude>
			<latitude>40.89996526400878</latitude>
			<altitude>2.188883773546431</altitude>
			<heading>161.6350964642427</heading>
			<tilt>2.511773845319582</tilt>
			<gx:fovy>30</gx:fovy>
			<range>139.0571247460502</range>
			<altitudeMode>absolute</altitudeMode>
		</LookAt>
		<styleUrl>#__managed_style_0B62E1DD0D402FE367CE</styleUrl>
		<Polygon>
			<outerBoundaryIs>
				<LinearRing>
					<coordinates>
						-72.44460640746892,40.8999168340624,0 -72.44457826021934,40.89991359340647,0 -72.44454351623538,40.89992758943779,0 -72.44452565428503,40.89995462790088,0 -72.44454688660805,40.89998252039804,0 -72.44456840504292,40.90002517875199,0 -72.44457640815392,40.9000693372497,0 -72.44459994514807,40.9000918206759,0 -72.44462620320489,40.90010696266876,0 -72.44464300794209,40.90009293264713,0 -72.44465766156108,40.90006584031498,0 -72.44465276117859,40.90002243333321,0 -72.44462937305761,40.8999814031773,0 -72.44462248684597,40.89994430156413,0 -72.44460640746892,40.8999168340624,0 
					</coordinates>
				</LinearRing>
			</outerBoundaryIs>
		</Polygon>
	</Placemark>
	<Placemark id="0DD85BF48C40304FB4B4">
		<name>shinnecock_hills_hole_7_bunker</name>
		<LookAt>
			<longitude>-72.44470144361054</longitude>
			<latitude>40.89996527379299</latitude>
			<altitude>2.188883779205024</altitude>
			<heading>161.6342082804908</heading>
			<tilt>2.511773845369223</tilt>
			<gx:fovy>30</gx:fovy>
			<range>139.0571247460502</range>
			<altitudeMode>absolute</altitudeMode>
		</LookAt>
		<styleUrl>#__managed_style_0B62E1DD0D402FE367CE</styleUrl>
		<Polygon>
			<outerBoundaryIs>
				<LinearRing>
					<coordinates>
						-72.44466969331745,40.89990424080667,0 -72.44464598876381,40.89993001020311,0 -72.44465242942547,40.8999674730975,0 -72.44466692068826,40.89999773742277,0 -72.4446958872193,40.90000048378177,0 -72.44471899436704,40.899986046256,0 -72.44474141613527,40.89994289883095,0 -72.44474234801461,40.89991516589793,0 -72.44472207621335,40.8998989519397,0 -72.44466969331745,40.89990424080667,0 
					</coordinates>
				</LinearRing>
			</outerBoundaryIs>
		</Polygon>
	</Placemark>
	<Placemark id="04C36F4A7540304FE9A7">
		<name>shinnecock_hills_hole_7_bunker</name>
		<LookAt>
			<longitude>-72.44432594461415</longitude>
			<latitude>40.89953249332357</latitude>
			<altitude>4.621901917587072</altitude>
			<heading>161.5997416037735</heading>
			<tilt>2.513720910729919</tilt>
			<gx:fovy>30</gx:fovy>
			<range>89.54673624806674</range>
			<altitudeMode>absolute</altitudeMode>
		</LookAt>
		<styleUrl>#__managed_style_0B62E1DD0D402FE367CE</styleUrl>
		<Polygon>
			<outerBoundaryIs>
				<LinearRing>
					<coordinates>
						-72.44411151308968,40.89960652782813,0 -72.44410953543067,40.89961860101187,0 -72.44412070929465,40.89963617221668,0 -72.44415456383413,40.89964484221895,0 -72.44419393328086,40.89964023340559,0 -72.44421279195812,40.8996313627478,0 -72.44422305412421,40.89960690337543,0 -72.44420714828057,40.89958220652331,0 -72.4441564320602,40.8995559699418,0 -72.44412962650347,40.89953953192452,0 -72.44409585477584,40.89954020151748,0 -72.44408038682339,40.89956082959193,0 -72.44410788839944,40.89959066253292,0 -72.44411151308968,40.89960652782813,0 
					</coordinates>
				</LinearRing>
			</outerBoundaryIs>
		</Polygon>
	</Placemark>
	<Placemark id="0EC9134E5B4030501FAC">
		<name>shinnecock_hills_hole_7_bunker</name>
		<LookAt>
			<longitude>-72.44437767325168</longitude>
			<latitude>40.8996473243856</latitude>
			<altitude>3.637938210549736</altitude>
			<heading>161.5082291685674</heading>
			<tilt>2.579817449078766</tilt>
			<gx:fovy>30</gx:fovy>
			<range>90.52390383707461</range>
			<altitudeMode>absolute</altitudeMode>
		</LookAt>
		<styleUrl>#__managed_style_0B62E1DD0D402FE367CE</styleUrl>
		<Polygon>
			<outerBoundaryIs>
				<LinearRing>
					<coordinates>
						-72.44424282127389,40.89962593648993,0 -72.444225244394,40.89965892227004,0 -72.44421533831793,40.89967697450395,0 -72.44422914557066,40.89970507607939,0 -72.4442523335303,40.89972691218577,0 -72.44428434331978,40.89976075107473,0 -72.44431729342612,40.89977721603287,0 -72.44435717745721,40.89977577477404,0 -72.44437713195336,40.89976260002585,0 -72.44439608894687,40.89972045047696,0 -72.44439884114088,40.89967549193028,0 -72.44438609088675,40.89965395197454,0 -72.44435407937564,40.89964712700321,0 -72.44432277490671,40.89963954008815,0 -72.44430298993484,40.89962490011857,0 -72.44426884231028,40.89961734004407,0 -72.44424282127389,40.89962593648993,0 
					</coordinates>
				</LinearRing>
			</outerBoundaryIs>
		</Polygon>
	</Placemark>
	<Placemark id="072A3F0BC14030504A40">
		<name>shinnecock_hills_hole_7_bunker</name>
		<LookAt>
			<longitude>-72.44459163689778</longitude>
			<latitude>40.89958941507376</latitude>
			<altitude>4.642119158634475</altitude>
			<heading>161.4450326092168</heading>
			<tilt>2.644473991731892</tilt>
			<gx:fovy>30</gx:fovy>
			<range>40.80506759924901</range>
			<altitudeMode>absolute</altitudeMode>
		</LookAt>
		<styleUrl>#__managed_style_0B62E1DD0D402FE367CE</styleUrl>
		<Polygon>
			<outerBoundaryIs>
				<LinearRing>
					<coordinates>
						-72.44458301386304,40.89958433673002,0 -72.44458076411213,40.89959316662577,0 -72.44458715329498,40.89960426858632,0 -72.4446025310407,40.89961639498106,0 -72.44461501101372,40.89961766757081,0 -72.44462297773693,40.89961356589249,0 -72.44462515213854,40.89959711985968,0 -72.44461883876609,40.89958252249532,0 -72.44460624933791,40.89957552026095,0 -72.44459310715695,40.89957282543104,0 -72.44458301386304,40.89958433673002,0 
					</coordinates>
				</LinearRing>
			</outerBoundaryIs>
		</Polygon>
	</Placemark>
	<Placemark id="011E87BCD2403050A463">
		<name>shinnecock_hills_hole_7_bunker</name>
		<LookAt>
			<longitude>-72.44465258672273</longitude>
			<latitude>40.89953476482006</latitude>
			<altitude>3.115147359080341</altitude>
			<heading>161.4449958001211</heading>
			<tilt>2.526326392228676</tilt>
			<gx:fovy>30</gx:fovy>
			<range>60.34517451549618</range>
			<altitudeMode>absolute</altitudeMode>
		</LookAt>
		<styleUrl>#__managed_style_0B62E1DD0D402FE367CE</styleUrl>
		<Polygon>
			<outerBoundaryIs>
				<LinearRing>
					<coordinates>
						-72.44466509645206,40.89958950820902,0 -72.44467138787397,40.89961413251907,0 -72.4446859509853,40.89963267022863,0 -72.44469189623632,40.89966338019322,0 -72.44469621518172,40.89968138616828,0 -72.4447167392552,40.89969000531562,0 -72.44475825306529,40.8996901568485,0 -72.44478642656865,40.89967495699325,0 -72.44479578912106,40.89965887393925,0 -72.44478618098509,40.899625151313,0 -72.44477480838225,40.89958786318427,0 -72.44475849864421,40.89954850685034,0 -72.44473921361708,40.89953440823785,0 -72.44470764478233,40.89951994015401,0 -72.44468081795823,40.899511871918,0 -72.44465982406896,40.89949652356919,0 -72.44463281453127,40.89947908639957,0 -72.44460523760119,40.8994820126165,0 -72.44459219295372,40.89948117365107,0 -72.44458037152414,40.89949432304786,0 -72.44457824149086,40.8995122968773,0 -72.44458721162346,40.8995208860929,0 -72.44461323891908,40.89953727160462,0 -72.44462342193471,40.89954737617025,0 -72.44464845314177,40.89954736434569,0 -72.44466136821536,40.89956015513916,0 -72.44466239179125,40.8995705805123,0 -72.444665726686,40.89958165210859,0 -72.44466509645206,40.89958950820902,0 
					</coordinates>
				</LinearRing>
			</outerBoundaryIs>
		</Polygon>
	</Placemark>
	<Placemark id="038E9477B340305130B7">
		<name>shinnecock_hills_hole_7_fairway</name>
		<LookAt>
			<longitude>-72.44452498659788</longitude>
			<latitude>40.89948079163893</latitude>
			<altitude>4.710785347348853</altitude>
			<heading>159.1000908575855</heading>
			<tilt>0</tilt>
			<gx:fovy>30</gx:fovy>
			<range>65.36960291590731</range>
			<altitudeMode>absolute</altitudeMode>
		</LookAt>
		<styleUrl>#__managed_style_0B62E1DD0D402FE367CE</styleUrl>
		<Polygon>
			<outerBoundaryIs>
				<LinearRing>
					<coordinates>
						-72.44455321536613,40.89949966652409,0 -72.44458472378848,40.89945083254717,0 -72.44459410776076,40.89940663138828,0 -72.44456279647085,40.89933900999503,0 -72.44447986226702,40.89927771681875,0 -72.44435884802081,40.89921580001521,0 -72.44426252961877,40.89920526317242,0 -72.44420555066498,40.89920344592196,0 -72.44410239527063,40.89923531723917,0 -72.44399677161142,40.8992943588006,0 -72.44395106272673,40.89933372761255,0 -72.44392675195095,40.89946483701132,0 -72.44392675805925,40.8995975396517,0 -72.44396096303863,40.89968945401085,0 -72.44404626797849,40.89977633901202,0 -72.4443034847607,40.89987900331574,0 -72.44451185891853,40.89990820814513,0 -72.4446658031035,40.89988753681594,0 -72.44478015670032,40.89985367856867,0 -72.4448113901354,40.89978746870444,0 -72.44477605265939,40.8997247915644,0 -72.44475229632236,40.89970827656696,0 -72.44472195589766,40.89970001304344,0 -72.44469036359952,40.89968362121353,0 -72.44466451107218,40.8996483200616,0 -72.44463116709824,40.89962673128618,0 -72.44459035053779,40.89961836489993,0 -72.44456758941165,40.89958971426309,0 -72.44456828348309,40.89955078556206,0 -72.44456018461851,40.89952373052981,0 -72.44455321536613,40.89949966652409,0 
					</coordinates>
				</LinearRing>
			</outerBoundaryIs>
		</Polygon>
	</Placemark>
	<Placemark id="03ACB208E54030519751">
		<name>shinnecock_hills_hole_7_green</name>
		<LookAt>
			<longitude>-72.44453906157568</longitude>
			<latitude>40.899458589091</latitude>
			<altitude>4.339888700891525</altitude>
			<heading>159.1000908574482</heading>
			<tilt>0</tilt>
			<gx:fovy>30</gx:fovy>
			<range>124.9848221171669</range>
			<altitudeMode>absolute</altitudeMode>
		</LookAt>
		<styleUrl>#__managed_style_0B62E1DD0D402FE367CE</styleUrl>
		<Polygon>
			<outerBoundaryIs>
				<LinearRing>
					<coordinates>
						-72.44454739096975,40.89958944255473,0 -72.44455384434612,40.89956833085034,0 -72.44455211282015,40.89953259797532,0 -72.44452895263476,40.89947237076896,0 -72.44447999800133,40.89943969428358,0 -72.44432812256578,40.89933993596748,0 -72.44425034253742,40.89934599383467,0 -72.4441791937296,40.89939040843543,0 -72.44414907269611,40.89945748696901,0 -72.44417774318693,40.8995416518602,0 -72.44422610164939,40.89956552070001,0 -72.44431589564137,40.89960287081297,0 -72.44439694953897,40.89962405722013,0 -72.44446598286977,40.89961722684932,0 -72.44453916623033,40.89959696116484,0 -72.44454739096975,40.89958944255473,0 
					</coordinates>
				</LinearRing>
			</outerBoundaryIs>
		</Polygon>
	</Placemark>
	<Placemark id="053B5F66EC403055E669">
		<name>shinnecock_hills_hole_8_tee</name>
		<LookAt>
			<longitude>-72.44398587316159</longitude>
			<latitude>40.89998352420083</latitude>
			<altitude>2.731246543074022</altitude>
			<heading>159.1447771555717</heading>
			<tilt>0</tilt>
			<gx:fovy>30</gx:fovy>
			<range>82.01803776963061</range>
			<altitudeMode>absolute</altitudeMode>
		</LookAt>
		<styleUrl>#__managed_style_0B62E1DD0D402FE367CE</styleUrl>
		<Polygon>
			<outerBoundaryIs>
				<LinearRing>
					<coordinates>
						-72.44389743366878,40.89998728503249,0 -72.44393445929549,40.90010131850435,0 -72.44402064106454,40.9000866976946,0 -72.4439811998558,40.89996840357199,0 -72.44389743366878,40.89998728503249,0 
					</coordinates>
				</LinearRing>
			</outerBoundaryIs>
		</Polygon>
	</Placemark>
	<Placemark id="0B3876806B4030561D79">
		<name>shinnecock_hills_hole_8_tee</name>
		<LookAt>
			<longitude>-72.44385236109763</longitude>
			<latitude>40.89968395305219</latitude>
			<altitude>3.075094230827542</altitude>
			<heading>159.1448645707994</heading>
			<tilt>0</tilt>
			<gx:fovy>30</gx:fovy>
			<range>81.67418649432875</range>
			<altitudeMode>absolute</altitudeMode>
		</LookAt>
		<styleUrl>#__managed_style_0B62E1DD0D402FE367CE</styleUrl>
		<Polygon>
			<outerBoundaryIs>
				<LinearRing>
					<coordinates>
						-72.44378470307488,40.89961161398772,0 -72.44380164372596,40.89975389321576,0 -72.44389479974836,40.89975018581509,0 -72.44388144971171,40.89960620151753,0 -72.44378470307488,40.89961161398772,0 
					</coordinates>
				</LinearRing>
			</outerBoundaryIs>
		</Polygon>
	</Placemark>
	<Placemark id="0EDB45ED8A4030564558">
		<name>shinnecock_hills_hole_8_tee</name>
		<LookAt>
			<longitude>-72.44377476815556</longitude>
			<latitude>40.89934906902793</latitude>
			<altitude>3.235054461101958</altitude>
			<heading>159.1449153733655</heading>
			<tilt>0</tilt>
			<gx:fovy>30</gx:fovy>
			<range>81.51423208674714</range>
			<altitudeMode>absolute</altitudeMode>
		</LookAt>
		<styleUrl>#__managed_style_0B62E1DD0D402FE367CE</styleUrl>
		<Polygon>
			<outerBoundaryIs>
				<LinearRing>
					<coordinates>
						-72.44370155289465,40.89929828604848,0 -72.44371955347317,40.89943818341037,0 -72.443810956202,40.89943620502044,0 -72.44379402057088,40.89929410154754,0 -72.44370155289465,40.89929828604848,0 
					</coordinates>
				</LinearRing>
			</outerBoundaryIs>
		</Polygon>
	</Placemark>
	<Placemark id="0050349EA04030566C1E">
		<name>shinnecock_hills_hole_8_tee</name>
		<LookAt>
			<longitude>-72.44367663909635</longitude>
			<latitude>40.89913036857662</latitude>
			<altitude>3.270640368788116</altitude>
			<heading>159.1449533698431</heading>
			<tilt>0</tilt>
			<gx:fovy>30</gx:fovy>
			<range>127.3001484052111</range>
			<altitudeMode>absolute</altitudeMode>
		</LookAt>
		<styleUrl>#__managed_style_0B62E1DD0D402FE367CE</styleUrl>
		<Polygon>
			<outerBoundaryIs>
				<LinearRing>
					<coordinates>
						-72.44367350127489,40.89903830192155,0 -72.44368645414269,40.89917726880537,0 -72.44378232568249,40.89917567752223,0 -72.44376195673769,40.89903654299667,0 -72.44367350127489,40.89903830192155,0 
					</coordinates>
				</LinearRing>
			</outerBoundaryIs>
		</Polygon>
	</Placemark>
	<Placemark id="064D46EA454030569150">
		<name>shinnecock_hills_hole_8_tee</name>
		<LookAt>
			<longitude>-72.44393604781719</longitude>
			<latitude>40.89866682057176</latitude>
			<altitude>4.512953088063734</altitude>
			<heading>159.1163630030548</heading>
			<tilt>0</tilt>
			<gx:fovy>30</gx:fovy>
			<range>126.0578406683271</range>
			<altitudeMode>absolute</altitudeMode>
		</LookAt>
		<styleUrl>#__managed_style_0B62E1DD0D402FE367CE</styleUrl>
		<Polygon>
			<outerBoundaryIs>
				<LinearRing>
					<coordinates>
						-72.4438668914498,40.89869769064521,0 -72.44387676996205,40.89878056371244,0 -72.44392229161797,40.89877816990168,0 -72.44391285997064,40.89869525536139,0 -72.4438668914498,40.89869769064521,0 
					</coordinates>
				</LinearRing>
			</outerBoundaryIs>
		</Polygon>
	</Placemark>
	<Placemark id="0F47C1D7DB403056D54C">
		<name>shinnecock_hills_hole_8_bunker</name>
		<LookAt>
			<longitude>-72.44345984172763</longitude>
			<latitude>40.8982055412875</latitude>
			<altitude>4.00488173664419</altitude>
			<heading>159.087348453936</heading>
			<tilt>0.1902420359096268</tilt>
			<gx:fovy>30</gx:fovy>
			<range>71.01768836549127</range>
			<altitudeMode>absolute</altitudeMode>
		</LookAt>
		<styleUrl>#__managed_style_0B62E1DD0D402FE367CE</styleUrl>
		<Polygon>
			<outerBoundaryIs>
				<LinearRing>
					<coordinates>
						-72.44342982923823,40.89818802785496,0 -72.44341720909932,40.89822689112538,0 -72.4434283513971,40.89824778745115,0 -72.44344251983496,40.89826142984743,0 -72.44344318211931,40.89830627590906,0 -72.44344454018338,40.89834255717136,0 -72.44346955090502,40.89834933433075,0 -72.44350598520343,40.89833708450268,0 -72.44352072560348,40.89831349504658,0 -72.44355283537958,40.89829004447469,0 -72.44356819742721,40.89826964183568,0 -72.44355727999258,40.89824566996346,0 -72.44352748589978,40.89824338885148,0 -72.44351422889214,40.89822063849845,0 -72.44350042607338,40.8981934245462,0 -72.44347983851834,40.89818222930434,0 -72.44345876487398,40.89817860272169,0 -72.44342982923823,40.89818802785496,0 
					</coordinates>
				</LinearRing>
			</outerBoundaryIs>
		</Polygon>
	</Placemark>
	<Placemark id="05AC16E6F440305720C8">
		<name>shinnecock_hills_hole_8_bunker</name>
		<LookAt>
			<longitude>-72.44357867164361</longitude>
			<latitude>40.89815449850693</latitude>
			<altitude>4.171437061996002</altitude>
			<heading>159.0872706544349</heading>
			<tilt>0.3363969353601233</tilt>
			<gx:fovy>30</gx:fovy>
			<range>70.8515745108798</range>
			<altitudeMode>absolute</altitudeMode>
		</LookAt>
		<styleUrl>#__managed_style_0B62E1DD0D402FE367CE</styleUrl>
		<Polygon>
			<outerBoundaryIs>
				<LinearRing>
					<coordinates>
						-72.44358194038121,40.89822044324053,0 -72.44360238243758,40.89825545247154,0 -72.44364191035493,40.8982674914788,0 -72.44368830217732,40.89825485121641,0 -72.44369891501047,40.89822928729712,0 -72.44368564868664,40.89819988845113,0 -72.44364978090475,40.89817606992798,0 -72.44363046258364,40.8981601725905,0 -72.44360834212586,40.89809816148504,0 -72.44358993743644,40.89803153883867,0 -72.4435332586859,40.8980327714715,0 -72.44350256020911,40.89805190811345,0 -72.44347450205193,40.89809048907225,0 -72.44347970868593,40.89811178131779,0 -72.44350746498095,40.89812817195879,0 -72.44353849162626,40.89814844507845,0 -72.44356353252417,40.89819060161493,0 -72.44358194038121,40.89822044324053,0 
					</coordinates>
				</LinearRing>
			</outerBoundaryIs>
		</Polygon>
	</Placemark>
	<Placemark id="027577A6D140305790D8">
		<name>shinnecock_hills_hole_8_bunker</name>
		<LookAt>
			<longitude>-72.44341563426875</longitude>
			<latitude>40.8980417041651</latitude>
			<altitude>4.462125989120651</altitude>
			<heading>159.0580687339076</heading>
			<tilt>0.218081304232</tilt>
			<gx:fovy>30</gx:fovy>
			<range>70.55826199098192</range>
			<altitudeMode>absolute</altitudeMode>
		</LookAt>
		<styleUrl>#__managed_style_0B62E1DD0D402FE367CE</styleUrl>
		<Polygon>
			<outerBoundaryIs>
				<LinearRing>
					<coordinates>
						-72.4434244469026,40.89808222859293,0 -72.44342114876419,40.89805926677515,0 -72.44341015883191,40.89802924627867,0 -72.44339712854951,40.89801218612897,0 -72.44336047176439,40.89800937099141,0 -72.44331846067838,40.89800517986664,0 -72.44329288335381,40.89803987168063,0 -72.44328381579002,40.89806959275346,0 -72.4432444728794,40.89808942190795,0 -72.44324491796654,40.89812214526037,0 -72.44327632118033,40.89814500986012,0 -72.44330396053707,40.8981899151733,0 -72.44332776724349,40.89819567094934,0 -72.44335623224981,40.89818646318341,0 -72.44338451658021,40.89815196438495,0 -72.44341269800719,40.89811306412307,0 -72.4434244469026,40.89808222859293,0 
					</coordinates>
				</LinearRing>
			</outerBoundaryIs>
		</Polygon>
	</Placemark>
	<Placemark id="0FE88BAD22403057D7DF">
		<name>shinnecock_hills_hole_8_bunker</name>
		<LookAt>
			<longitude>-72.44344227434649</longitude>
			<latitude>40.89795551028001</latitude>
			<altitude>4.306225866238185</altitude>
			<heading>159.0580512911872</heading>
			<tilt>0.2882029828348607</tilt>
			<gx:fovy>30</gx:fovy>
			<range>70.70355077256865</range>
			<altitudeMode>absolute</altitudeMode>
		</LookAt>
		<styleUrl>#__managed_style_0B62E1DD0D402FE367CE</styleUrl>
		<Polygon>
			<outerBoundaryIs>
				<LinearRing>
					<coordinates>
						-72.44357932734057,40.89796995040338,0 -72.44356802440883,40.89794761279767,0 -72.443555929037,40.89792791650028,0 -72.4435426628407,40.89790423594627,0 -72.44353055280101,40.89788727087855,0 -72.44351650448878,40.8978744641046,0 -72.4434961520187,40.8978716268618,0 -72.44346289756456,40.89785660838991,0 -72.44342745135576,40.89785395042843,0 -72.44340319042887,40.89787030941508,0 -72.44338229174556,40.89790010621827,0 -72.44338032185415,40.89794015457956,0 -72.44339703086227,40.89794893583233,0 -72.44343643795776,40.8979694591548,0 -72.44348643692823,40.89799778397703,0 -72.44353971092679,40.8980050818194,0 -72.44358036686911,40.89799609831973,0 -72.44357932734057,40.89796995040338,0 
					</coordinates>
				</LinearRing>
			</outerBoundaryIs>
		</Polygon>
	</Placemark>
	<Placemark id="0AD2ED94B940305841A1">
		<name>shinnecock_hills_hole_8_bunker</name>
		<LookAt>
			<longitude>-72.44326727612808</longitude>
			<latitude>40.89780541585733</latitude>
			<altitude>4.274577572953806</altitude>
			<heading>159.0296986752787</heading>
			<tilt>0</tilt>
			<gx:fovy>30</gx:fovy>
			<range>30.36247263770292</range>
			<altitudeMode>absolute</altitudeMode>
		</LookAt>
		<styleUrl>#__managed_style_0B62E1DD0D402FE367CE</styleUrl>
		<Polygon>
			<outerBoundaryIs>
				<LinearRing>
					<coordinates>
						-72.44323161191907,40.897851308361,0 -72.44319880214593,40.89786426596284,0 -72.44318394822581,40.89788098471699,0 -72.44319416461714,40.89790635181974,0 -72.44318873745196,40.89793144104895,0 -72.44320484262342,40.89795651384896,0 -72.44324704334983,40.89794730319421,0 -72.44328538672139,40.89794623091765,0 -72.44331960637344,40.89794373275978,0 -72.44333876425048,40.89792597839811,0 -72.4433420211663,40.89790445025734,0 -72.44334080688735,40.8978807087791,0 -72.44335523391085,40.89785530602239,0 -72.44337021949066,40.89782733683194,0 -72.44335703766446,40.8977960670148,0 -72.44332542815016,40.89776426530624,0 -72.44329843765247,40.89774434893242,0 -72.44326219282139,40.89773415222355,0 -72.44323535606208,40.8977359142017,0 -72.44320443261633,40.89774531595721,0 -72.44319757896014,40.8977585112954,0 -72.44322068293452,40.89778128111469,0 -72.44322881344632,40.89779426971776,0 -72.44323034965308,40.89781029342733,0 -72.44323732185592,40.89782852286915,0 -72.44323534193497,40.89783652922882,0 -72.44323161191907,40.897851308361,0 
					</coordinates>
				</LinearRing>
			</outerBoundaryIs>
		</Polygon>
	</Placemark>
	<Placemark id="03EE1132B84030589F7B">
		<name>shinnecock_hills_hole_8_bunker</name>
		<LookAt>
			<longitude>-72.44308203524743</longitude>
			<latitude>40.8976923429956</latitude>
			<altitude>4.277000575657384</altitude>
			<heading>159.0280249509631</heading>
			<tilt>0</tilt>
			<gx:fovy>30</gx:fovy>
			<range>51.48932090331982</range>
			<altitudeMode>absolute</altitudeMode>
		</LookAt>
		<styleUrl>#__managed_style_0B62E1DD0D402FE367CE</styleUrl>
		<Polygon>
			<outerBoundaryIs>
				<LinearRing>
					<coordinates>
						-72.44308429435745,40.89778079428572,0 -72.44308785572059,40.89777103122069,0 -72.44310127999776,40.89776132678629,0 -72.44313111031875,40.8977402696198,0 -72.44316150991912,40.89771958685871,0 -72.44318104108295,40.89769713901869,0 -72.44318519921728,40.89768081003437,0 -72.44318085060384,40.8976599787293,0 -72.443170027077,40.89764468161057,0 -72.44314872961556,40.89763090223254,0 -72.4431454925974,40.89762262889804,0 -72.44312716020433,40.89761804945408,0 -72.44311409412137,40.89762415876893,0 -72.4430959964846,40.89762328008543,0 -72.44306887972216,40.89762297601882,0 -72.44304746198077,40.89763147774656,0 -72.44302488543782,40.89764365609832,0 -72.44301711010817,40.8976591251723,0 -72.44302329476572,40.89768254287413,0 -72.44303679236585,40.89769517104614,0 -72.44303995295519,40.89771787446072,0 -72.44302500587131,40.89773688617665,0 -72.44303579340574,40.89775991528749,0 -72.44305497552595,40.89777244681119,0 -72.44306101968078,40.89779033135393,0 -72.44307392433099,40.89779709058755,0 -72.44308863508472,40.89779016432404,0 -72.44308429435745,40.89778079428572,0 
					</coordinates>
				</LinearRing>
			</outerBoundaryIs>
		</Polygon>
	</Placemark>
	<Placemark id="0981A42428403058EAEB">
		<name>shinnecock_hills_hole_8_bunker</name>
		<LookAt>
			<longitude>-72.44366953165358</longitude>
			<latitude>40.89750514625812</latitude>
			<altitude>5.795243225024516</altitude>
			<heading>159.0275158209584</heading>
			<tilt>0</tilt>
			<gx:fovy>30</gx:fovy>
			<range>101.0880334380636</range>
			<altitudeMode>absolute</altitudeMode>
		</LookAt>
		<styleUrl>#__managed_style_0B62E1DD0D402FE367CE</styleUrl>
		<Polygon>
			<outerBoundaryIs>
				<LinearRing>
					<coordinates>
						-72.44393647829699,40.89751721468393,0 -72.44391566775697,40.89748835271654,0 -72.44388837626497,40.89747330455707,0 -72.44385476849983,40.89748246622526,0 -72.44384325355865,40.89751423289157,0 -72.44386403139821,40.8975562736278,0 -72.4438885851001,40.89758919662648,0 -72.44391903521932,40.89763208791386,0 -72.4439544820053,40.89763925058177,0 -72.44398642624208,40.89763237944246,0 -72.44400514946685,40.89760940742765,0 -72.44399322185355,40.89757368077863,0 -72.44396748632424,40.89754204713913,0 -72.4439547767909,40.89752904596361,0 -72.44393647829699,40.89751721468393,0 
					</coordinates>
				</LinearRing>
			</outerBoundaryIs>
		</Polygon>
	</Placemark>
	<Placemark id="0AC4234A164030593249">
		<name>shinnecock_hills_hole_8_bunker</name>
		<LookAt>
			<longitude>-72.44377918505266</longitude>
			<latitude>40.8973321840601</latitude>
			<altitude>5.890281379719802</altitude>
			<heading>159.027444029985</heading>
			<tilt>0</tilt>
			<gx:fovy>30</gx:fovy>
			<range>100.9929936918888</range>
			<altitudeMode>absolute</altitudeMode>
		</LookAt>
		<styleUrl>#__managed_style_0B62E1DD0D402FE367CE</styleUrl>
		<Polygon>
			<outerBoundaryIs>
				<LinearRing>
					<coordinates>
						-72.44372405247209,40.89721390879758,0 -72.44368249472745,40.89722371220603,0 -72.44366361194116,40.89724206388558,0 -72.4436524040472,40.89727807413038,0 -72.44366374868089,40.89730936002001,0 -72.44369981936867,40.89733292122636,0 -72.44378042111941,40.89735004014105,0 -72.44383205605475,40.89735205198664,0 -72.44387761616973,40.89734634111998,0 -72.44391259082508,40.8973449481206,0 -72.4439482177217,40.89733472921829,0 -72.44394978690359,40.89730902045375,0 -72.44392828496966,40.8972881939135,0 -72.44389921864835,40.89727865711008,0 -72.44388272656653,40.8972654368786,0 -72.44386075938121,40.89724365645702,0 -72.44380479576652,40.89723518853357,0 -72.44376250169896,40.89722366675026,0 -72.44372405247209,40.89721390879758,0 
					</coordinates>
				</LinearRing>
			</outerBoundaryIs>
		</Polygon>
	</Placemark>
	<Placemark id="040838338B4030597849">
		<name>shinnecock_hills_hole_8_bunker</name>
		<LookAt>
			<longitude>-72.44372963726403</longitude>
			<latitude>40.89694897596069</latitude>
			<altitude>5.954308731211732</altitude>
			<heading>158.9031850789527</heading>
			<tilt>0.1238845868080475</tilt>
			<gx:fovy>30</gx:fovy>
			<range>108.8335583585104</range>
			<altitudeMode>absolute</altitudeMode>
		</LookAt>
		<styleUrl>#__managed_style_0B62E1DD0D402FE367CE</styleUrl>
		<Polygon>
			<outerBoundaryIs>
				<LinearRing>
					<coordinates>
						-72.44367835454007,40.89693399971688,0 -72.44365325533565,40.89698198531777,0 -72.44364645919789,40.89701869734107,0 -72.44366445699636,40.8970576339162,0 -72.44367418260877,40.89710838199336,0 -72.4436950097745,40.89713164652257,0 -72.44374034216682,40.89712340541748,0 -72.44377743004225,40.89709663372763,0 -72.44377935725913,40.89708058806713,0 -72.4437661261572,40.89705513928416,0 -72.44375931599973,40.89703292812282,0 -72.4437769713545,40.8970048799071,0 -72.44377076190797,40.89697611322674,0 -72.44375814002551,40.89695335171868,0 -72.44374106224662,40.89694286451399,0 -72.44372386105312,40.89692595700622,0 -72.44369794624497,40.89692552459662,0 -72.44367835454007,40.89693399971688,0 
					</coordinates>
				</LinearRing>
			</outerBoundaryIs>
		</Polygon>
	</Placemark>
	<Placemark id="09D84C3606403059E279">
		<name>shinnecock_hills_hole_8_bunker</name>
		<LookAt>
			<longitude>-72.44374741111785</longitude>
			<latitude>40.89662199648819</latitude>
			<altitude>5.624950994171045</altitude>
			<heading>158.8152238201295</heading>
			<tilt>0.06475831261334015</tilt>
			<gx:fovy>30</gx:fovy>
			<range>72.95680744952733</range>
			<altitudeMode>absolute</altitudeMode>
		</LookAt>
		<styleUrl>#__managed_style_0B62E1DD0D402FE367CE</styleUrl>
		<Polygon>
			<outerBoundaryIs>
				<LinearRing>
					<coordinates>
						-72.44367460082921,40.89659904491263,0 -72.4436913939299,40.89662718940146,0 -72.44370820237464,40.89666103417569,0 -72.44371153088031,40.89669052705311,0 -72.44370255309209,40.89671667571366,0 -72.44369924981569,40.89674260283299,0 -72.44371728793261,40.89676336374352,0 -72.44374477544241,40.89677253227894,0 -72.44377500438857,40.89676669849801,0 -72.44379135334682,40.89674663259104,0 -72.44379417993726,40.89672115045526,0 -72.44379201713659,40.89669572263342,0 -72.44380722160336,40.89667569433553,0 -72.44383057266215,40.89665519327662,0 -72.44384666205156,40.89662327341399,0 -72.44384582429271,40.89659502316595,0 -72.44382454806451,40.89657684332973,0 -72.44378639127915,40.89656552661521,0 -72.44376021553521,40.89656463862216,0 -72.44372928371074,40.89657127084401,0 -72.44370246911306,40.896575036363,0 -72.44368519077615,40.89658367817579,0 -72.44367460082921,40.89659904491263,0 
					</coordinates>
				</LinearRing>
			</outerBoundaryIs>
		</Polygon>
	</Placemark>
	<Placemark id="032783815340305A1809">
		<name>shinnecock_hills_hole_8_bunker</name>
		<LookAt>
			<longitude>-72.44385437224624</longitude>
			<latitude>40.89644344551558</latitude>
			<altitude>6.629556925269044</altitude>
			<heading>158.7867332736573</heading>
			<tilt>0.1257891946353757</tilt>
			<gx:fovy>30</gx:fovy>
			<range>71.95354188364036</range>
			<altitudeMode>absolute</altitudeMode>
		</LookAt>
		<styleUrl>#__managed_style_0B62E1DD0D402FE367CE</styleUrl>
		<Polygon>
			<outerBoundaryIs>
				<LinearRing>
					<coordinates>
						-72.44387705200729,40.89641738191636,0 -72.44385056741727,40.8964382558944,0 -72.4438337631708,40.89646392114842,0 -72.44382747890896,40.89647849527856,0 -72.44383861723011,40.89650151170998,0 -72.44385649341305,40.89653356409224,0 -72.44388516844369,40.89654359079617,0 -72.44391727366171,40.89653534201767,0 -72.44392552506143,40.89650267264167,0 -72.44393298057534,40.8964568783746,0 -72.4439280315207,40.89643387430038,0 -72.44391044621091,40.89641825899967,0 -72.44389756301671,40.89641344192877,0 -72.44387705200729,40.89641738191636,0 
					</coordinates>
				</LinearRing>
			</outerBoundaryIs>
		</Polygon>
	</Placemark>
	<Placemark id="0DF260013840305A61CC">
		<name>shinnecock_hills_hole_8_bunker</name>
		<LookAt>
			<longitude>-72.44347632397037</longitude>
			<latitude>40.89653983783595</latitude>
			<altitude>6.001703904457427</altitude>
			<heading>158.7576721087844</heading>
			<tilt>0.1257892054717523</tilt>
			<gx:fovy>30</gx:fovy>
			<range>72.58139407829731</range>
			<altitudeMode>absolute</altitudeMode>
		</LookAt>
		<styleUrl>#__managed_style_0B62E1DD0D402FE367CE</styleUrl>
		<Polygon>
			<outerBoundaryIs>
				<LinearRing>
					<coordinates>
						-72.44342562886624,40.89662608613154,0 -72.44343439396641,40.89661581476917,0 -72.44345490870958,40.89659556037002,0 -72.44346939623397,40.89657938750283,0 -72.44348938091116,40.89656918020334,0 -72.44351428060617,40.89655142197937,0 -72.44353404367941,40.89653550481172,0 -72.44353709340605,40.89652122308004,0 -72.44353233026133,40.89650218028724,0 -72.44352265950172,40.89648819066475,0 -72.44350172925716,40.89647715002454,0 -72.44348458224951,40.89648139783009,0 -72.44347878700745,40.89649910296853,0 -72.44347126643426,40.89651364586587,0 -72.44345418290861,40.89652677946037,0 -72.44343072799835,40.89653767826044,0 -72.44341114073711,40.89654342712612,0 -72.44339918280278,40.89655338338159,0 -72.44337476281892,40.89656703786355,0 -72.44334318894106,40.89659184560011,0 -72.44333911855779,40.89661711336799,0 -72.44336147547318,40.89663441138133,0 -72.44340354756201,40.89663991203936,0 -72.44342562886624,40.89662608613154,0 
					</coordinates>
				</LinearRing>
			</outerBoundaryIs>
		</Polygon>
	</Placemark>
	<Placemark id="09408C21C140305ABD49">
		<name>shinnecock_hills_hole_8_green</name>
		<LookAt>
			<longitude>-72.44383184828135</longitude>
			<latitude>40.89637844455333</latitude>
			<altitude>7.537575440990334</altitude>
			<heading>158.7574723247849</heading>
			<tilt>0.1257892755778711</tilt>
			<gx:fovy>30</gx:fovy>
			<range>76.32425768290888</range>
			<altitudeMode>absolute</altitudeMode>
		</LookAt>
		<styleUrl>#__managed_style_0B62E1DD0D402FE367CE</styleUrl>
		<Polygon>
			<outerBoundaryIs>
				<LinearRing>
					<coordinates>
						-72.44368354707304,40.89655510408572,0 -72.44373235832909,40.89654268337006,0 -72.4437703613068,40.89653446733841,0 -72.44378948797733,40.89652090469725,0 -72.44379708511769,40.89650380123069,0 -72.44380973016132,40.89647158049154,0 -72.4438259683312,40.89642704427794,0 -72.44385236462458,40.89640629863339,0 -72.44387669628996,40.89639036029853,0 -72.44389324359227,40.89637063772164,0 -72.44387947018646,40.89634581259973,0 -72.44383153395268,40.89630352375907,0 -72.44376653401179,40.89628862236825,0 -72.44368277053715,40.89628983146336,0 -72.44362719158244,40.89630820241904,0 -72.44357012795933,40.89635118335604,0 -72.4435307180283,40.89641369848382,0 -72.44352992993845,40.89644854267563,0 -72.4435408263931,40.89646640480347,0 -72.44355799261402,40.89650058543199,0 -72.44356446036426,40.8965380670536,0 -72.44358713497388,40.8965524699147,0 -72.44364843093636,40.89655971974148,0 -72.44368354707304,40.89655510408572,0 
					</coordinates>
				</LinearRing>
			</outerBoundaryIs>
		</Polygon>
	</Placemark>
	<Placemark id="022B47FF0F40305BD647">
		<name>shinnecock_hills_hole_8_fairway</name>
		<LookAt>
			<longitude>-72.44340452314385</longitude>
			<latitude>40.89709017096582</latitude>
			<altitude>5.820491547099742</altitude>
			<heading>201.0976547967887</heading>
			<tilt>0</tilt>
			<gx:fovy>30</gx:fovy>
			<range>137.896970010097</range>
			<altitudeMode>absolute</altitudeMode>
		</LookAt>
		<styleUrl>#__managed_style_0B62E1DD0D402FE367CE</styleUrl>
		<Polygon>
			<outerBoundaryIs>
				<LinearRing>
					<coordinates>
						-72.44315139776552,40.89707638540006,0 -72.44312261409995,40.8972888645456,0 -72.44312412352633,40.8974440478229,0 -72.44314323351479,40.89758272092667,0 -72.44318399457597,40.89763350163035,0 -72.44325822137245,40.89770544363631,0 -72.44334092155312,40.89776197606803,0 -72.44342403727964,40.89781514279694,0 -72.44350592704616,40.89785292373587,0 -72.44355354297051,40.89788944093346,0 -72.44359168514622,40.89797671243453,0 -72.44362745017692,40.89809681284739,0 -72.44366577676604,40.89815871231771,0 -72.44372672548852,40.89819284709115,0 -72.44382429182268,40.8982130988127,0 -72.44388619726968,40.89820142501641,0 -72.44394702458203,40.89814904412454,0 -72.44397693688244,40.89809483488736,0 -72.44399332733373,40.89800443508,0 -72.44398245266335,40.89780800647203,0 -72.44397558723557,40.8977105469363,0 -72.44394919980246,40.89766005240114,0 -72.44390878521079,40.89763598990269,0 -72.44386847374841,40.89757910567143,0 -72.44383320935995,40.89751531782591,0 -72.44384693699664,40.89748431144322,0 -72.44385969429715,40.89744033035658,0 -72.44386479926131,40.89740547192308,0 -72.44382542072019,40.89737160414462,0 -72.44375820276645,40.89735289213394,0 -72.44368692993859,40.89733543810275,0 -72.44365389096335,40.8973078097158,0 -72.44364043748311,40.89726501852459,0 -72.44366725379382,40.8972281066303,0 -72.4436939761088,40.89718224278719,0 -72.44368927879046,40.89714823751534,0 -72.44366093488279,40.89709667606237,0 -72.44365099382115,40.89705398728976,0 -72.44363174447183,40.89701059248016,0 -72.44365209859889,40.89695583887373,0 -72.44367589401186,40.89692308396813,0 -72.44374234499453,40.896884738872,0 -72.4437669908918,40.89682919895876,0 -72.44374925247347,40.89679856806445,0 -72.44371042370047,40.89676927474621,0 -72.44368806754497,40.89673777479485,0 -72.44369850833313,40.89670714099086,0 -72.44369671815394,40.89666402985167,0 -72.44366787491418,40.89660866167834,0 -72.4436691648187,40.89658523323639,0 -72.44373288175456,40.89656147063381,0 -72.44379729068591,40.89654511673339,0 -72.44381796124399,40.89652714561842,0 -72.44381501990611,40.89648926925181,0 -72.44382549187041,40.89645861341686,0 -72.44384821322525,40.8964256684195,0 -72.44388798077611,40.8964009886555,0 -72.4439434915234,40.89640430697288,0 -72.44399097757635,40.8963959964679,0 -72.44400652058293,40.89635621172837,0 -72.44398708741127,40.89629747638861,0 -72.44391834391789,40.89623206836133,0 -72.44382817575134,40.89620442657945,0 -72.44371152153747,40.89617804282206,0 -72.44358106002147,40.89618036983631,0 -72.44344900340678,40.89626978443503,0 -72.44324878316222,40.89651610184069,0 -72.44323215326865,40.89663050109703,0 -72.44323252941891,40.89674260575371,0 -72.44317031387351,40.89696694250506,0 -72.44315139776552,40.89707638540006,0 
					</coordinates>
				</LinearRing>
			</outerBoundaryIs>
		</Polygon>
	</Placemark>
	<Placemark id="0ECD109F5640305C8884">
		<name>shinnecock_hills_hole_9_tee</name>
		<LookAt>
			<longitude>-72.4443454700172</longitude>
			<latitude>40.89623403733723</latitude>
			<altitude>7.22528313524368</altitude>
			<heading>124.2841530400537</heading>
			<tilt>0</tilt>
			<gx:fovy>30</gx:fovy>
			<range>163.8512805395658</range>
			<altitudeMode>absolute</altitudeMode>
		</LookAt>
		<styleUrl>#__managed_style_0B62E1DD0D402FE367CE</styleUrl>
		<Polygon>
			<outerBoundaryIs>
				<LinearRing>
					<coordinates>
						-72.4442823670876,40.89634394127618,0 -72.44436994396933,40.89639536318058,0 -72.44441039559298,40.89635173565139,0 -72.44432668336171,40.89630299386333,0 -72.4442823670876,40.89634394127618,0 
					</coordinates>
				</LinearRing>
			</outerBoundaryIs>
		</Polygon>
	</Placemark>
	<Placemark id="01FFF4983240305CB6AC">
		<name>shinnecock_hills_hole_9_tee</name>
		<LookAt>
			<longitude>-72.4440453481472</longitude>
			<latitude>40.89606470155078</latitude>
			<altitude>8.37032904151741</altitude>
			<heading>124.2843495263825</heading>
			<tilt>0</tilt>
			<gx:fovy>30</gx:fovy>
			<range>162.7062375983951</range>
			<altitudeMode>absolute</altitudeMode>
		</LookAt>
		<styleUrl>#__managed_style_0B62E1DD0D402FE367CE</styleUrl>
		<Polygon>
			<outerBoundaryIs>
				<LinearRing>
					<coordinates>
						-72.44396432589501,40.89606572045117,0 -72.44409556254219,40.8961371846416,0 -72.44413314218002,40.89609708372203,0 -72.4440028928398,40.89602409420082,0 -72.44396432589501,40.89606572045117,0 
					</coordinates>
				</LinearRing>
			</outerBoundaryIs>
		</Polygon>
	</Placemark>
	<Placemark id="070414642440305CDAFC">
		<name>shinnecock_hills_hole_9_tee</name>
		<LookAt>
			<longitude>-72.4437016270021</longitude>
			<latitude>40.89588545094594</latitude>
			<altitude>8.21581127061043</altitude>
			<heading>124.2552658884874</heading>
			<tilt>0</tilt>
			<gx:fovy>30</gx:fovy>
			<range>162.8607626533267</range>
			<altitudeMode>absolute</altitudeMode>
		</LookAt>
		<styleUrl>#__managed_style_0B62E1DD0D402FE367CE</styleUrl>
		<Polygon>
			<outerBoundaryIs>
				<LinearRing>
					<coordinates>
						-72.44373096990958,40.89593451263749,0 -72.44390811483572,40.89603319663368,0 -72.44394977471107,40.89599251244655,0 -72.44376773213025,40.89589220386699,0 -72.44373096990958,40.89593451263749,0 
					</coordinates>
				</LinearRing>
			</outerBoundaryIs>
		</Polygon>
	</Placemark>
	<Placemark id="0855CEBBAD40305CFC80">
		<name>shinnecock_hills_hole_9_tee</name>
		<LookAt>
			<longitude>-72.44339570459107</longitude>
			<latitude>40.89568562631697</latitude>
			<altitude>7.674928548676723</altitude>
			<heading>124.255466171456</heading>
			<tilt>0</tilt>
			<gx:fovy>30</gx:fovy>
			<range>163.4016582895856</range>
			<altitudeMode>absolute</altitudeMode>
		</LookAt>
		<styleUrl>#__managed_style_0B62E1DD0D402FE367CE</styleUrl>
		<Polygon>
			<outerBoundaryIs>
				<LinearRing>
					<coordinates>
						-72.44339996889968,40.89574835305645,0 -72.44353899847498,40.89582724544541,0 -72.44357801261884,40.89578761811409,0 -72.44344099846701,40.89570976181452,0 -72.44339996889968,40.89574835305645,0 
					</coordinates>
				</LinearRing>
			</outerBoundaryIs>
		</Polygon>
	</Placemark>
	<Placemark id="0744252D3F40305D1AFC">
		<name>shinnecock_hills_hole_9_tee</name>
		<LookAt>
			<longitude>-72.44281699518285</longitude>
			<latitude>40.89530449129225</latitude>
			<altitude>8.216998239837018</altitude>
			<heading>124.193675141963</heading>
			<tilt>0</tilt>
			<gx:fovy>30</gx:fovy>
			<range>162.859592184559</range>
			<altitudeMode>absolute</altitudeMode>
		</LookAt>
		<styleUrl>#__managed_style_0B62E1DD0D402FE367CE</styleUrl>
		<Polygon>
			<outerBoundaryIs>
				<LinearRing>
					<coordinates>
						-72.4428576093308,40.8953833847706,0 -72.44292366543132,40.89541594793715,0 -72.44295382946738,40.89538265765096,0 -72.44288488689448,40.8953546504436,0 -72.4428576093308,40.8953833847706,0 
					</coordinates>
				</LinearRing>
			</outerBoundaryIs>
		</Polygon>
	</Placemark>
	<Placemark id="0825A129E940305D5661">
		<name>shinnecock_hills_hole_9_bunker</name>
		<LookAt>
			<longitude>-72.44254397334639</longitude>
			<latitude>40.89536790652208</latitude>
			<altitude>8.774622174042273</altitude>
			<heading>124.1955845798115</heading>
			<tilt>0.1199091930848474</tilt>
			<gx:fovy>30</gx:fovy>
			<range>73.49666588821492</range>
			<altitudeMode>absolute</altitudeMode>
		</LookAt>
		<styleUrl>#__managed_style_0B62E1DD0D402FE367CE</styleUrl>
		<Polygon>
			<outerBoundaryIs>
				<LinearRing>
					<coordinates>
						-72.44246233202146,40.89542954376717,0 -72.4424330694526,40.89544732738057,0 -72.44243050442961,40.89546747942404,0 -72.44244652289503,40.89548178030122,0 -72.4424636741015,40.89548873153859,0 -72.44248541199521,40.89548355750343,0 -72.44253205924954,40.89549256988111,0 -72.44256324204666,40.89550675283828,0 -72.44259415962044,40.89549623138902,0 -72.44262002795543,40.89547378433524,0 -72.44263162582482,40.89544398273265,0 -72.44264051478565,40.89541934456939,0 -72.44261295046732,40.89540904762438,0 -72.44257994501334,40.89542005212127,0 -72.44252399799907,40.89541688825565,0 -72.4424935810657,40.89542064880289,0 -72.44246233202146,40.89542954376717,0 
					</coordinates>
				</LinearRing>
			</outerBoundaryIs>
		</Polygon>
	</Placemark>
	<Placemark id="0CCF24D72840305DCD0C">
		<name>shinnecock_hills_hole_9_bunker</name>
		<LookAt>
			<longitude>-72.44223653712088</longitude>
			<latitude>40.89530516201613</latitude>
			<altitude>9.341344235517695</altitude>
			<heading>124.1934510484479</heading>
			<tilt>0.1818689627603283</tilt>
			<gx:fovy>30</gx:fovy>
			<range>72.93075003344711</range>
			<altitudeMode>absolute</altitudeMode>
		</LookAt>
		<styleUrl>#__managed_style_0B62E1DD0D402FE367CE</styleUrl>
		<Polygon>
			<outerBoundaryIs>
				<LinearRing>
					<coordinates>
						-72.44215612965792,40.89536091500089,0 -72.44211598387,40.89538031474827,0 -72.44209865063912,40.89539944676661,0 -72.44210713332403,40.89542380348948,0 -72.44214443104586,40.89543696669588,0 -72.44216508904718,40.89544786713891,0 -72.44219470995606,40.89543980364189,0 -72.44221521324256,40.89543098919459,0 -72.44226709280157,40.89542675254106,0 -72.44231299882891,40.89542287232189,0 -72.44234291343014,40.89541258354907,0 -72.44236407600147,40.89538611877381,0 -72.44236107079492,40.89536248161422,0 -72.44233637597779,40.89534983151165,0 -72.44230643103135,40.89535123755749,0 -72.44227852720508,40.89535805676913,0 -72.44224577567009,40.89536331626081,0 -72.44220690417043,40.89535376165315,0 -72.44217904899742,40.89535675233977,0 -72.44216454310589,40.89535994113408,0 -72.44215612965792,40.89536091500089,0 
					</coordinates>
				</LinearRing>
			</outerBoundaryIs>
		</Polygon>
	</Placemark>
	<Placemark id="0E02CF951040305E2206">
		<name>shinnecock_hills_hole_9_bunker</name>
		<LookAt>
			<longitude>-72.44009089068335</longitude>
			<latitude>40.89500792512453</latitude>
			<altitude>7.981089706020079</altitude>
			<heading>124.2225568256104</heading>
			<tilt>0.06354853485915597</tilt>
			<gx:fovy>30</gx:fovy>
			<range>78.6935588054621</range>
			<altitudeMode>absolute</altitudeMode>
		</LookAt>
		<styleUrl>#__managed_style_0B62E1DD0D402FE367CE</styleUrl>
		<Polygon>
			<outerBoundaryIs>
				<LinearRing>
					<coordinates>
						-72.44013496817496,40.8950538669511,0 -72.44012492774903,40.89501510410581,0 -72.44010956020227,40.89499893044184,0 -72.44007356245379,40.89499569318252,0 -72.44005800374883,40.89501099632639,0 -72.44004208603513,40.89504298062438,0 -72.44004827789723,40.89506315325406,0 -72.44007914011259,40.89507718569079,0 -72.44010203774981,40.89507597737712,0 -72.44012552077348,40.89506405287351,0 -72.44013496817496,40.8950538669511,0 
					</coordinates>
				</LinearRing>
			</outerBoundaryIs>
		</Polygon>
	</Placemark>
	<Placemark id="073CAE8D4640305E512C">
		<name>shinnecock_hills_hole_9_bunker</name>
		<LookAt>
			<longitude>-72.44009104361356</longitude>
			<latitude>40.8950080037657</latitude>
			<altitude>7.979825789823156</altitude>
			<heading>124.2225567258578</heading>
			<tilt>0</tilt>
			<gx:fovy>30</gx:fovy>
			<range>78.70395395877495</range>
			<altitudeMode>absolute</altitudeMode>
		</LookAt>
		<styleUrl>#__managed_style_0B62E1DD0D402FE367CE</styleUrl>
		<Polygon>
			<outerBoundaryIs>
				<LinearRing>
					<coordinates>
						-72.44000756059178,40.89505199348454,0 -72.44003056863778,40.89500008720216,0 -72.44003228702272,40.89498821357161,0 -72.43998786909123,40.89497238942571,0 -72.43995699578798,40.89499207910534,0 -72.43992445017354,40.8950156416888,0 -72.43992414218845,40.89503685447827,0 -72.43993754558585,40.89504771689271,0 -72.43996595466518,40.895062122586,0 -72.43999215532403,40.89506514341877,0 -72.44000756059178,40.89505199348454,0 
					</coordinates>
				</LinearRing>
			</outerBoundaryIs>
		</Polygon>
	</Placemark>
	<Placemark id="025FA7D7D540305E7CF8">
		<name>shinnecock_hills_hole_9_bunker</name>
		<LookAt>
			<longitude>-72.43981135296067</longitude>
			<latitude>40.89472525690729</latitude>
			<altitude>17.30990961648158</altitude>
			<heading>124.2218290851228</heading>
			<tilt>0.07022378809849206</tilt>
			<gx:fovy>30</gx:fovy>
			<range>81.04053410543202</range>
			<altitudeMode>absolute</altitudeMode>
		</LookAt>
		<styleUrl>#__managed_style_0B62E1DD0D402FE367CE</styleUrl>
		<Polygon>
			<outerBoundaryIs>
				<LinearRing>
					<coordinates>
						-72.43971552990892,40.89477785425329,0 -72.43975038443193,40.89480340088826,0 -72.43977930071965,40.89479352922246,0 -72.43978418776231,40.89478165498562,0 -72.43977059733753,40.89475054365236,0 -72.43974734520457,40.89474666008665,0 -72.43972634660524,40.89475455208328,0 -72.43971552990892,40.89477785425329,0 
					</coordinates>
				</LinearRing>
			</outerBoundaryIs>
		</Polygon>
	</Placemark>
	<Placemark id="089F48AC5F40305EAD23">
		<name>shinnecock_hills_hole_9_bunker</name>
		<LookAt>
			<longitude>-72.43987643153956</longitude>
			<latitude>40.89470170951342</latitude>
			<altitude>16.79343162075832</altitude>
			<heading>124.250206999809</heading>
			<tilt>0</tilt>
			<gx:fovy>30</gx:fovy>
			<range>81.54594483707115</range>
			<altitudeMode>absolute</altitudeMode>
		</LookAt>
		<styleUrl>#__managed_style_0B62E1DD0D402FE367CE</styleUrl>
		<Polygon>
			<outerBoundaryIs>
				<LinearRing>
					<coordinates>
						-72.43982880272868,40.89477575056593,0 -72.43985409742336,40.89481178361832,0 -72.4399027084649,40.89482441643859,0 -72.43993062515555,40.89481344760092,0 -72.43993838146261,40.89478583641196,0 -72.43990114980531,40.89474811895465,0 -72.43987285734656,40.89474389689417,0 -72.43985030252847,40.8947548461901,0 -72.43983525505244,40.89476495795905,0 -72.43982880272868,40.89477575056593,0 
					</coordinates>
				</LinearRing>
			</outerBoundaryIs>
		</Polygon>
	</Placemark>
	<Placemark id="0C3464142340305ED8EE">
		<name>shinnecock_hills_hole_9_bunker</name>
		<LookAt>
			<longitude>-72.43984803108422</longitude>
			<latitude>40.89470672128837</latitude>
			<altitude>16.92260516208725</altitude>
			<heading>124.2493188578219</heading>
			<tilt>0</tilt>
			<gx:fovy>30</gx:fovy>
			<range>43.27335155706806</range>
			<altitudeMode>absolute</altitudeMode>
		</LookAt>
		<styleUrl>#__managed_style_0B62E1DD0D402FE367CE</styleUrl>
		<Polygon>
			<outerBoundaryIs>
				<LinearRing>
					<coordinates>
						-72.43988248403407,40.89470642467967,0 -72.43987288069557,40.8946992000447,0 -72.43986194289226,40.89470127152197,0 -72.43984765745954,40.8947105580727,0 -72.43982554323155,40.89471861051864,0 -72.4398179469959,40.89472588753408,0 -72.43983325944754,40.89473494313471,0 -72.43986768700339,40.89473336691548,0 -72.43988729383851,40.89471711459233,0 -72.43988248403407,40.89470642467967,0 
					</coordinates>
				</LinearRing>
			</outerBoundaryIs>
		</Polygon>
	</Placemark>
	<Placemark id="0190F36CD940305F0938">
		<name>shinnecock_hills_hole_9_bunker</name>
		<LookAt>
			<longitude>-72.43994313924324</longitude>
			<latitude>40.8947008795253</latitude>
			<altitude>15.42885700261539</altitude>
			<heading>124.2519210204558</heading>
			<tilt>0.1288121636162805</tilt>
			<gx:fovy>30</gx:fovy>
			<range>44.77717504472821</range>
			<altitudeMode>absolute</altitudeMode>
		</LookAt>
		<styleUrl>#__managed_style_0B62E1DD0D402FE367CE</styleUrl>
		<Polygon>
			<outerBoundaryIs>
				<LinearRing>
					<coordinates>
						-72.43992840796979,40.89473072980579,0 -72.43995254135763,40.89474331001772,0 -72.43995803584897,40.89475796086411,0 -72.43998130987572,40.89474881182957,0 -72.44000696199645,40.8947381284123,0 -72.44001898895469,40.8947267046818,0 -72.44001769887092,40.89471222746973,0 -72.44000968211931,40.89469853914512,0 -72.43999340086151,40.8946858520128,0 -72.4399735876443,40.89468243714207,0 -72.43996233481792,40.89468961852977,0 -72.43994022095767,40.89470464430613,0 -72.43992770838625,40.89471517485592,0 -72.43992840796979,40.89473072980579,0 
					</coordinates>
				</LinearRing>
			</outerBoundaryIs>
		</Polygon>
	</Placemark>
	<Placemark id="0B2289F77B40305F394C">
		<name>shinnecock_hills_hole_9_bunker</name>
		<LookAt>
			<longitude>-72.44033647633843</longitude>
			<latitude>40.89456128734944</latitude>
			<altitude>14.09605128926463</altitude>
			<heading>124.2178807285396</heading>
			<tilt>0.1948382136661385</tilt>
			<gx:fovy>30</gx:fovy>
			<range>70.02189757539783</range>
			<altitudeMode>absolute</altitudeMode>
		</LookAt>
		<styleUrl>#__managed_style_0B62E1DD0D402FE367CE</styleUrl>
		<Polygon>
			<outerBoundaryIs>
				<LinearRing>
					<coordinates>
						-72.4402567197973,40.89453564470143,0 -72.44025894201644,40.89456403236166,0 -72.44028212143739,40.89456912382663,0 -72.44030598852787,40.89457870860827,0 -72.4403363265656,40.89456130425258,0 -72.44035002097765,40.8945350814794,0 -72.44034703415419,40.89452011927793,0 -72.44032753165314,40.89450549830761,0 -72.44030861250867,40.89450467359899,0 -72.4402878940148,40.8945164723136,0 -72.44027158374702,40.89452079500176,0 -72.4402567197973,40.89453564470143,0 
					</coordinates>
				</LinearRing>
			</outerBoundaryIs>
		</Polygon>
	</Placemark>
	<Placemark id="02F894EF3A4030607FA4">
		<name>shinnecock_hills_hole_9_fairway</name>
		<LookAt>
			<longitude>-72.44020530619822</longitude>
			<latitude>40.89489263803627</latitude>
			<altitude>8.715284271648541</altitude>
			<heading>94.81420406615699</heading>
			<tilt>1.09456866143952</tilt>
			<gx:fovy>30</gx:fovy>
			<range>129.4438098035971</range>
			<altitudeMode>absolute</altitudeMode>
		</LookAt>
		<styleUrl>#__managed_style_0B62E1DD0D402FE367CE</styleUrl>
		<Polygon>
			<outerBoundaryIs>
				<LinearRing>
					<coordinates>
						-72.44013822172764,40.8949950250101,0 -72.44014752231118,40.89505175973755,0 -72.44046120628423,40.8951345101395,0 -72.44050225510146,40.89509466434961,0 -72.44064405581285,40.89507673675865,0 -72.44102264519047,40.89509243454702,0 -72.44135360161052,40.89507928331267,0 -72.44162608988334,40.8950930459087,0 -72.44175990788563,40.89511703686972,0 -72.44196485950418,40.8951740274185,0 -72.44209929442717,40.89520667435361,0 -72.44218525661834,40.89520746840354,0 -72.44231066091143,40.89515844819254,0 -72.44241701960132,40.89508097487858,0 -72.44245815512774,40.89501119683568,0 -72.4424301359564,40.89492155614919,0 -72.44242706678756,40.89486567893268,0 -72.44244887180041,40.89481682634673,0 -72.44245266320455,40.89476719166966,0 -72.44219535345718,40.89471702019223,0 -72.44219788234035,40.89473811732068,0 -72.44219058312615,40.89476158912139,0 -72.44217742547201,40.89477753030094,0 -72.44214453265515,40.89478911093342,0 -72.44210194600048,40.89478417244432,0 -72.44205281584894,40.89476408981709,0 -72.44197729020459,40.89473689657888,0 -72.44191914033851,40.89472273474168,0 -72.44181207566125,40.89469890843552,0 -72.44170824447258,40.89468280578651,0 -72.44156496414037,40.89466464341807,0 -72.44144908999425,40.89468042336816,0 -72.4412894630329,40.89471040561404,0 -72.44121478681035,40.89473693133008,0 -72.44107083156649,40.89474607609638,0 -72.44088959958025,40.89471495432409,0 -72.44068110784406,40.89468145355964,0 -72.4405159003923,40.89463770829704,0 -72.44039378809229,40.89461044138944,0 -72.44033145983246,40.89459743237208,0 -72.44023100962299,40.89462695624208,0 -72.4401713571373,40.89469028402533,0 -72.44013383460936,40.89475552741624,0 -72.44010397040473,40.89487018216536,0 -72.44009855019351,40.89494975542635,0 -72.44013822172764,40.8949950250101,0 
					</coordinates>
				</LinearRing>
			</outerBoundaryIs>
		</Polygon>
	</Placemark>
	<Placemark id="0DDB48F7134030616C67">
		<name>shinnecock_hills_hole_9_fairway</name>
		<LookAt>
			<longitude>-72.43985301082199</longitude>
			<latitude>40.89456509756491</latitude>
			<altitude>18.25966042547023</altitude>
			<heading>94.81407314446642</heading>
			<tilt>1.059189572564669</tilt>
			<gx:fovy>30</gx:fovy>
			<range>115.9865363625249</range>
			<altitudeMode>absolute</altitudeMode>
		</LookAt>
		<styleUrl>#__managed_style_0B62E1DD0D402FE367CE</styleUrl>
		<Polygon>
			<outerBoundaryIs>
				<LinearRing>
					<coordinates>
						-72.43996662751367,40.89464255430478,0 -72.44004616407993,40.89460481481969,0 -72.44007806028368,40.8945590352177,0 -72.44008257546875,40.89446761687638,0 -72.44007870696653,40.89442107969332,0 -72.43990410923529,40.89431778621936,0 -72.43965430057105,40.89432807516254,0 -72.43953501717704,40.89440987552705,0 -72.43948469955032,40.89450536389818,0 -72.43947081410595,40.89459765541663,0 -72.43948279140162,40.89471431934701,0 -72.43948236134872,40.89475967629254,0 -72.43961313872268,40.89478361844613,0 -72.43972719171741,40.89473283595851,0 -72.4398845824427,40.89467632992614,0 -72.43996662751367,40.89464255430478,0 
					</coordinates>
				</LinearRing>
			</outerBoundaryIs>
		</Polygon>
	</Placemark>
	<Placemark id="01AB3447C5403061B934">
		<name>shinnecock_hills_hole_9_green</name>
		<LookAt>
			<longitude>-72.43979037193702</longitude>
			<latitude>40.8945776098542</latitude>
			<altitude>18.44000336255661</altitude>
			<heading>94.81411415277014</heading>
			<tilt>1.059189542371127</tilt>
			<gx:fovy>30</gx:fovy>
			<range>115.8061682843072</range>
			<altitudeMode>absolute</altitudeMode>
		</LookAt>
		<styleUrl>#__managed_style_0B62E1DD0D402FE367CE</styleUrl>
		<Polygon>
			<outerBoundaryIs>
				<LinearRing>
					<coordinates>
						-72.43980550931954,40.89469275628684,0 -72.43987987237799,40.89466689870251,0 -72.43994008164911,40.89463825333669,0 -72.43998193917315,40.89457273317298,0 -72.43997322013284,40.89451281818707,0 -72.43993128132752,40.89447170483204,0 -72.43988097816813,40.8944479106492,0 -72.43978529204892,40.89442608181453,0 -72.4396884438134,40.89443247080767,0 -72.4396291610433,40.89447202974808,0 -72.43958917919915,40.89452960459655,0 -72.4396037837104,40.89457512055306,0 -72.43960391672265,40.89461221366054,0 -72.43966618026992,40.89469979132533,0 -72.43975073479108,40.89471337067263,0 -72.43980550931954,40.89469275628684,0 
					</coordinates>
				</LinearRing>
			</outerBoundaryIs>
		</Polygon>
	</Placemark>
	<Placemark id="06346FC6104030749520">
		<name>shinnecock_hills_hole_10_tee</name>
		<LookAt>
			<longitude>-72.43890412473208</longitude>
			<latitude>40.8939507998483</latitude>
			<altitude>20.95235401408809</altitude>
			<heading>92.4632977229667</heading>
			<tilt>0</tilt>
			<gx:fovy>30</gx:fovy>
			<range>84.95443101011915</range>
			<altitudeMode>absolute</altitudeMode>
		</LookAt>
		<styleUrl>#__managed_style_0B62E1DD0D402FE367CE</styleUrl>
		<Polygon>
			<outerBoundaryIs>
				<LinearRing>
					<coordinates>
						-72.43885024694326,40.89411171643992,0 -72.43886646962653,40.89413026494199,0 -72.43891526803731,40.89414369798214,0 -72.43906044278398,40.8941665279735,0 -72.43911607212085,40.89416565524045,0 -72.4391504643847,40.89414741071892,0 -72.43917521601158,40.89410104491517,0 -72.43918235951791,40.89401611977146,0 -72.43917139507454,40.89393470442256,0 -72.43914969299297,40.89390786984275,0 -72.43906458385898,40.8938860756508,0 -72.43895710893226,40.89386379860635,0 -72.4389088159912,40.89386534111662,0 -72.43887968535316,40.89389079236155,0 -72.4388684654206,40.89392440570805,0 -72.43885710132754,40.89400317205079,0 -72.43884301076282,40.89406332028617,0 -72.43884094756767,40.89409203108615,0 -72.43885024694326,40.89411171643992,0 
					</coordinates>
				</LinearRing>
			</outerBoundaryIs>
		</Polygon>
	</Placemark>
	<Placemark id="065C9668FC403074D0AF">
		<name>shinnecock_hills_hole_10_tee</name>
		<LookAt>
			<longitude>-72.43822649137401</longitude>
			<latitude>40.89404850974232</latitude>
			<altitude>19.17441967290688</altitude>
			<heading>92.46381978987506</heading>
			<tilt>0</tilt>
			<gx:fovy>30</gx:fovy>
			<range>46.17828410362563</range>
			<altitudeMode>absolute</altitudeMode>
		</LookAt>
		<styleUrl>#__managed_style_0B62E1DD0D402FE367CE</styleUrl>
		<Polygon>
			<outerBoundaryIs>
				<LinearRing>
					<coordinates>
						-72.43822519930566,40.89405543985263,0 -72.43830336336316,40.89407290574242,0 -72.43831695893232,40.89404379377247,0 -72.43823699589829,40.89402504989553,0 -72.43822519930566,40.89405543985263,0 
					</coordinates>
				</LinearRing>
			</outerBoundaryIs>
		</Polygon>
	</Placemark>
	<Placemark id="03BC93679740307513F4">
		<name>shinnecock_hills_hole_10_bunker</name>
		<LookAt>
			<longitude>-72.43768972791739</longitude>
			<latitude>40.89378478181285</latitude>
			<altitude>22.60194157690387</altitude>
			<heading>92.46415598679243</heading>
			<tilt>0.1293230014513095</tilt>
			<gx:fovy>30</gx:fovy>
			<range>102.8270371292274</range>
			<altitudeMode>absolute</altitudeMode>
		</LookAt>
		<styleUrl>#__managed_style_0B62E1DD0D402FE367CE</styleUrl>
		<Polygon>
			<outerBoundaryIs>
				<LinearRing>
					<coordinates>
						-72.43762792852819,40.89369644651515,0 -72.43763656202901,40.89372578543842,0 -72.43767739200335,40.89374690542514,0 -72.43772733366855,40.89378102236995,0 -72.43773728239481,40.89379847042515,0 -72.4378043983466,40.8938114447194,0 -72.43785432403062,40.89381090389039,0 -72.43787267979965,40.89379324109989,0 -72.43787558644986,40.89375998784197,0 -72.43786947747778,40.89373086704729,0 -72.43782211474387,40.89370410834025,0 -72.43776017816704,40.89366342501532,0 -72.43769840030708,40.8936516925481,0 -72.4376639947665,40.89365988150555,0 -72.4376375819391,40.89367416818669,0 -72.43762792852819,40.89369644651515,0 
					</coordinates>
				</LinearRing>
			</outerBoundaryIs>
		</Polygon>
	</Placemark>
	<Placemark id="00EDD306D5403075615C">
		<name>shinnecock_hills_hole_10_bunker</name>
		<LookAt>
			<longitude>-72.43742091223295</longitude>
			<latitude>40.89391519509357</latitude>
			<altitude>22.98949453550911</altitude>
			<heading>92.43499592111617</heading>
			<tilt>0.1895227815146889</tilt>
			<gx:fovy>30</gx:fovy>
			<range>60.77579692840119</range>
			<altitudeMode>absolute</altitudeMode>
		</LookAt>
		<styleUrl>#__managed_style_0B62E1DD0D402FE367CE</styleUrl>
		<Polygon>
			<outerBoundaryIs>
				<LinearRing>
					<coordinates>
						-72.43733038792652,40.89400720283975,0 -72.43737602593316,40.8940127926013,0 -72.43740333748731,40.89400888465538,0 -72.43743365608739,40.89401287036851,0 -72.43748766376426,40.89403258721524,0 -72.43753007109109,40.894034336845,0 -72.43755933800878,40.89401560933291,0 -72.43754904525308,40.89398534911833,0 -72.43752727471362,40.8939607197776,0 -72.43748651828645,40.89395753027365,0 -72.43743854699481,40.89395210328376,0 -72.43738744333223,40.89393976740348,0 -72.43736581126159,40.89393249426077,0 -72.43732801798406,40.89393852600069,0 -72.43731074296791,40.89395615776061,0 -72.43730243006465,40.89396884904324,0 -72.43731264032472,40.89398638930166,0 -72.43733038792652,40.89400720283975,0 
					</coordinates>
				</LinearRing>
			</outerBoundaryIs>
		</Polygon>
	</Placemark>
	<Placemark id="0D2245D100403075B4DC">
		<name>shinnecock_hills_hole_10_bunker</name>
		<LookAt>
			<longitude>-72.43563068766018</longitude>
			<latitude>40.89338156036482</latitude>
			<altitude>14.37117169671269</altitude>
			<heading>92.43610580421655</heading>
			<tilt>0.1303859634210068</tilt>
			<gx:fovy>30</gx:fovy>
			<range>69.2881063684672</range>
			<altitudeMode>absolute</altitudeMode>
		</LookAt>
		<styleUrl>#__managed_style_0B62E1DD0D402FE367CE</styleUrl>
		<Polygon>
			<outerBoundaryIs>
				<LinearRing>
					<coordinates>
						-72.43563951101824,40.8934108270081,0 -72.43560325464649,40.89342144792909,0 -72.43559053859931,40.89343789123056,0 -72.4355933896252,40.89345583977289,0 -72.43558224596551,40.89345993352274,0 -72.43558684655528,40.89347431912881,0 -72.4356116227129,40.89348695779729,0 -72.43561524839424,40.89349680339137,0 -72.43564351317998,40.89350057944027,0 -72.43566526652718,40.89349393386637,0 -72.43569425980239,40.89349455915367,0 -72.43571513191026,40.89348978107624,0 -72.43572704222886,40.89346692034244,0 -72.43571650137208,40.89344569395238,0 -72.43567233114223,40.89342381626292,0 -72.43563951101824,40.8934108270081,0 
					</coordinates>
				</LinearRing>
			</outerBoundaryIs>
		</Polygon>
	</Placemark>
	<Placemark id="0C02CC2E124030762698">
		<name>shinnecock_hills_hole_10_bunker</name>
		<LookAt>
			<longitude>-72.43550884288314</longitude>
			<latitude>40.89338531037674</latitude>
			<altitude>13.99227505087771</altitude>
			<heading>92.46107340307509</heading>
			<tilt>0.07522871338734137</tilt>
			<gx:fovy>30</gx:fovy>
			<range>38.74047947827876</range>
			<altitudeMode>absolute</altitudeMode>
		</LookAt>
		<styleUrl>#__managed_style_0B62E1DD0D402FE367CE</styleUrl>
		<Polygon>
			<outerBoundaryIs>
				<LinearRing>
					<coordinates>
						-72.43556299789566,40.89337507978648,0 -72.43555474160638,40.89336456045871,0 -72.43553491980876,40.89335730248745,0 -72.43549558171551,40.89334753527035,0 -72.43547329136959,40.89334953219177,0 -72.43545630053283,40.89335936921097,0 -72.43545049750807,40.89337048311475,0 -72.43545603817753,40.89338409681714,0 -72.43545889865584,40.89339770415777,0 -72.43546871219394,40.89340521423668,0 -72.4354667615623,40.89341507454512,0 -72.43546996391987,40.89341863984725,0 -72.43548260068998,40.89341959227575,0 -72.43548877702206,40.89342388789314,0 -72.43549838889021,40.89342647857865,0 -72.43550695329537,40.89343308647001,0 -72.43553176260272,40.89342731339913,0 -72.43554652897733,40.89342125949863,0 -72.43555573496134,40.89340342227575,0 -72.43556989658478,40.89338649908728,0 -72.43556299789566,40.89337507978648,0 
					</coordinates>
				</LinearRing>
			</outerBoundaryIs>
		</Polygon>
	</Placemark>
	<Placemark id="00D0C7E6DB4030766656">
		<name>shinnecock_hills_hole_10_bunker</name>
		<LookAt>
			<longitude>-72.43497096474258</longitude>
			<latitude>40.89305387703923</latitude>
			<altitude>17.0202975338643</altitude>
			<heading>92.43207694398889</heading>
			<tilt>0</tilt>
			<gx:fovy>30</gx:fovy>
			<range>43.18121770241305</range>
			<altitudeMode>absolute</altitudeMode>
		</LookAt>
		<styleUrl>#__managed_style_0B62E1DD0D402FE367CE</styleUrl>
		<Polygon>
			<outerBoundaryIs>
				<LinearRing>
					<coordinates>
						-72.43493037854466,40.89307747825975,0 -72.43493945599849,40.89308970389916,0 -72.43494060631292,40.89310523011365,0 -72.43495042212247,40.89310952050187,0 -72.43497297577349,40.89310431707865,0 -72.43499212268368,40.8930909264414,0 -72.43499590676514,40.89307471997007,0 -72.43498406344703,40.89305767476784,0 -72.43496564240537,40.89305413900053,0 -72.43495172002623,40.89306257144673,0 -72.43493687115587,40.89306749173137,0 -72.43493037854466,40.89307747825975,0 
					</coordinates>
				</LinearRing>
			</outerBoundaryIs>
		</Polygon>
	</Placemark>
	<Placemark id="0B98F9B6D3403076A844">
		<name>shinnecock_hills_hole_10_bunker</name>
		<LookAt>
			<longitude>-72.43503485330223</longitude>
			<latitude>40.89306334565758</latitude>
			<altitude>15.36838488040455</altitude>
			<heading>92.43203215381202</heading>
			<tilt>0</tilt>
			<gx:fovy>30</gx:fovy>
			<range>29.47084197913227</range>
			<altitudeMode>absolute</altitudeMode>
		</LookAt>
		<styleUrl>#__managed_style_0B62E1DD0D402FE367CE</styleUrl>
		<Polygon>
			<outerBoundaryIs>
				<LinearRing>
					<coordinates>
						-72.43502937064329,40.89306765160821,0 -72.43503138811262,40.89308141160641,0 -72.43504783761638,40.89308716388167,0 -72.43507067055255,40.89308840467148,0 -72.4350929553238,40.89307465717344,0 -72.43510060863943,40.89306085028919,0 -72.43509711929711,40.89304889613261,0 -72.43508386362433,40.89303976355523,0 -72.43507245785466,40.89303658396777,0 -72.43505955377752,40.89303858277224,0 -72.43504687204774,40.89304763955059,0 -72.43503727984351,40.89305595392166,0 -72.43503286362677,40.89306029202042,0 -72.43502937064329,40.89306765160821,0 
					</coordinates>
				</LinearRing>
			</outerBoundaryIs>
		</Polygon>
	</Placemark>
	<Placemark id="0E5AFC1FD0403076F36F">
		<name>shinnecock_hills_hole_10_bunker</name>
		<LookAt>
			<longitude>-72.43491951158643</longitude>
			<latitude>40.89296989949093</latitude>
			<altitude>16.97684229221446</altitude>
			<heading>92.40279899512723</heading>
			<tilt>0</tilt>
			<gx:fovy>30</gx:fovy>
			<range>27.86238321916244</range>
			<altitudeMode>absolute</altitudeMode>
		</LookAt>
		<styleUrl>#__managed_style_0B62E1DD0D402FE367CE</styleUrl>
		<Polygon>
			<outerBoundaryIs>
				<LinearRing>
					<coordinates>
						-72.43486443670096,40.89298198673322,0 -72.43488102185236,40.89300379083069,0 -72.43489433676568,40.89301526506879,0 -72.43490368313644,40.89302324332595,0 -72.43491279990518,40.893032833491,0 -72.43492249627587,40.89303592023536,0 -72.43494103772552,40.89303052108241,0 -72.43495769225215,40.89301799646174,0 -72.43497264657239,40.89300430591025,0 -72.4349782950608,40.89298709045877,0 -72.43497074974525,40.89296968038673,0 -72.43495687283234,40.8929558699845,0 -72.43493817422934,40.89295107723615,0 -72.43492225010898,40.89295091664716,0 -72.4348956057343,40.8929556925918,0 -72.43487330617175,40.89296437889021,0 -72.43486612676338,40.89297240253126,0 -72.43486472934671,40.89297993287116,0 -72.43486443670096,40.89298198673322,0 
					</coordinates>
				</LinearRing>
			</outerBoundaryIs>
		</Polygon>
	</Placemark>
	<Placemark id="0FAE47963A4030789D50">
		<name>shinnecock_hills_hole_10_fairway</name>
		<LookAt>
			<longitude>-72.43743763476877</longitude>
			<latitude>40.89394242955974</latitude>
			<altitude>22.96877308689419</altitude>
			<heading>92.40112011760378</heading>
			<tilt>0</tilt>
			<gx:fovy>30</gx:fovy>
			<range>57.16643050170205</range>
			<altitudeMode>absolute</altitudeMode>
		</LookAt>
		<styleUrl>#__managed_style_0B62E1DD0D402FE367CE</styleUrl>
		<Polygon>
			<outerBoundaryIs>
				<LinearRing>
					<coordinates>
						-72.43758312231643,40.89401998035961,0 -72.43762992297592,40.89404965334258,0 -72.43768712568216,40.8940610478396,0 -72.43772644152796,40.89404972165072,0 -72.4377700242907,40.89402535382253,0 -72.43781850220751,40.89395624204901,0 -72.43783328327309,40.8939203751051,0 -72.43782829716814,40.89386331068224,0 -72.43779709848647,40.89383204905404,0 -72.43771478082412,40.89380015551766,0 -72.43761579098771,40.89373325275078,0 -72.43757640526616,40.89369488699364,0 -72.4374905280297,40.89365422747083,0 -72.43722360941304,40.89359090852457,0 -72.43688894609362,40.89350430745545,0 -72.43669025871505,40.89344899725505,0 -72.43627590925604,40.89328583704437,0 -72.43602161804371,40.89318091937933,0 -72.43577113526391,40.8931075262992,0 -72.43551974040595,40.89304764369194,0 -72.4352511599854,40.89302392321443,0 -72.43517640111733,40.89303552616315,0 -72.43511677389249,40.89306450946058,0 -72.43507566010804,40.89309432368472,0 -72.43503291414665,40.89311154154001,0 -72.43496766304041,40.89311606839289,0 -72.43493349001706,40.8931073009057,0 -72.43491987038414,40.89308424101955,0 -72.43491357172326,40.89305615044624,0 -72.43488790308665,40.89302200414397,0 -72.43485581053484,40.89299115236389,0 -72.43485822842311,40.89296780888988,0 -72.43487275822189,40.89294632795298,0 -72.43487661122619,40.89292583466882,0 -72.4348646420722,40.89290155570245,0 -72.4348231147295,40.89287668341917,0 -72.43476768527238,40.89286487345683,0 -72.43463921973876,40.89286022336808,0 -72.43441367199658,40.89286637494841,0 -72.43431542239315,40.89286667089253,0 -72.43429423087055,40.89330651189761,0 -72.43474215121046,40.89333276286094,0 -72.43524418387864,40.89340171368625,0 -72.43532975183349,40.89340136009584,0 -72.43542618029684,40.89333336965276,0 -72.43548225790833,40.89332557050172,0 -72.43554258599143,40.89333746730097,0 -72.4356047606133,40.8933751976659,0 -72.43564049388398,40.89339674614283,0 -72.43571116673799,40.8934273596124,0 -72.43573287998218,40.89345437772371,0 -72.43577223672372,40.89349114155277,0 -72.43584539393736,40.89352418523062,0 -72.43591452146407,40.89353737000715,0 -72.43597883467778,40.89353782600971,0 -72.43603345310937,40.89354808352623,0 -72.43612270733145,40.89359591030026,0 -72.43618731256204,40.89364728166294,0 -72.43621292252452,40.8937036178075,0 -72.43625419239113,40.89375493614918,0 -72.4363292166573,40.89379721357228,0 -72.4365185450316,40.8938718380854,0 -72.43672356400381,40.89393987204596,0 -72.43678317722706,40.89395791248791,0 -72.43690055191291,40.89395437130739,0 -72.43700915652254,40.89394694387866,0 -72.43709259425805,40.89394358188994,0 -72.43719699418972,40.89395560139335,0 -72.43724851665868,40.89395805339012,0 -72.43729094272274,40.89394495460233,0 -72.43732906471564,40.89392829990473,0 -72.43736657658263,40.8939258837199,0 -72.43740386004963,40.89393887554185,0 -72.43744595246955,40.8939457308168,0 -72.43751581959657,40.89395376222311,0 -72.43754680985805,40.89396364493361,0 -72.43756345281035,40.8939880833657,0 -72.43758312231643,40.89401998035961,0 
					</coordinates>
				</LinearRing>
			</outerBoundaryIs>
		</Polygon>
	</Placemark>
	<Placemark id="065B220F554030794A1E">
		<name>shinnecock_hills_hole_10_green</name>
		<LookAt>
			<longitude>-72.43479538101157</longitude>
			<latitude>40.89307004636234</latitude>
			<altitude>18.25111483864476</altitude>
			<heading>92.43211929798078</heading>
			<tilt>0</tilt>
			<gx:fovy>30</gx:fovy>
			<range>98.10162293815665</range>
			<altitudeMode>absolute</altitudeMode>
		</LookAt>
		<styleUrl>#__managed_style_0B62E1DD0D402FE367CE</styleUrl>
		<Polygon>
			<outerBoundaryIs>
				<LinearRing>
					<coordinates>
						-72.43461254241335,40.89317756050912,0 -72.43464499998584,40.89322233605085,0 -72.43469146429211,40.89325153397746,0 -72.43474151048483,40.89326854517928,0 -72.43479074937552,40.89327899830537,0 -72.43484322769982,40.89326805725361,0 -72.43488462049375,40.89323312817069,0 -72.43490583626036,40.89317318313622,0 -72.4349131333547,40.89313853027541,0 -72.43490499519449,40.89309114703207,0 -72.43487794277091,40.8930418065187,0 -72.43483248252191,40.89299139427322,0 -72.43479374947891,40.89297483864713,0 -72.43472573052455,40.89298470134072,0 -72.43466774468342,40.89301990806567,0 -72.43461198464297,40.89305814104873,0 -72.43459880909936,40.89310191971172,0 -72.43459748895557,40.89314045775278,0 -72.43461254241335,40.89317756050912,0 
					</coordinates>
				</LinearRing>
			</outerBoundaryIs>
		</Polygon>
	</Placemark>
	<Placemark id="06E28EE403403079F91E">
		<name>shinnecock_hills_hole_11_fairway</name>
		<LookAt>
			<longitude>-72.43393340845773</longitude>
			<latitude>40.89290277738599</latitude>
			<altitude>16.64759112912552</altitude>
			<heading>348.4854727692853</heading>
			<tilt>0</tilt>
			<gx:fovy>30</gx:fovy>
			<range>54.98005858209581</range>
			<altitudeMode>absolute</altitudeMode>
		</LookAt>
		<styleUrl>#__managed_style_0B62E1DD0D402FE367CE</styleUrl>
		<Polygon>
			<outerBoundaryIs>
				<LinearRing>
					<coordinates>
						-72.43387758469514,40.89287235629992,0 -72.43386921069538,40.89289615721601,0 -72.43388165482047,40.89296384561366,0 -72.4339098688925,40.89308030946221,0 -72.43394686330537,40.89316122138172,0 -72.43396614521149,40.89323019347911,0 -72.43399920391582,40.89328555479681,0 -72.43404089423889,40.89331275496871,0 -72.43408919500943,40.89332229131436,0 -72.43414073322268,40.89331939429581,0 -72.43419314989642,40.89330854491698,0 -72.43426255173956,40.8933003993289,0 -72.43428952149262,40.89330561806245,0 -72.43431267339341,40.89286681154044,0 -72.43423026166458,40.89285932912809,0 -72.434086793386,40.89283875584634,0 -72.43388916117677,40.89285174221266,0 -72.43387758469514,40.89287235629992,0 
					</coordinates>
				</LinearRing>
			</outerBoundaryIs>
		</Polygon>
	</Placemark>
	<Placemark id="03C296A07040307A3683">
		<name>shinnecock_hills_hole_11_tee</name>
		<LookAt>
			<longitude>-72.43407577360772</longitude>
			<latitude>40.89320017049279</latitude>
			<altitude>16.55455228710918</altitude>
			<heading>348.485439395762</heading>
			<tilt>0</tilt>
			<gx:fovy>30</gx:fovy>
			<range>36.27074402329981</range>
			<altitudeMode>absolute</altitudeMode>
		</LookAt>
		<styleUrl>#__managed_style_0B62E1DD0D402FE367CE</styleUrl>
		<Polygon>
			<outerBoundaryIs>
				<LinearRing>
					<coordinates>
						-72.43411144374554,40.89322500106396,0 -72.43410193413021,40.89315792894143,0 -72.43402924347555,40.8931649613854,0 -72.43403998162123,40.89322959411707,0 -72.43411144374554,40.89322500106396,0 
					</coordinates>
				</LinearRing>
			</outerBoundaryIs>
		</Polygon>
	</Placemark>
	<Placemark id="0A87C3C11C40307A837F">
		<name>shinnecock_hills_hole_11_tee</name>
		<LookAt>
			<longitude>-72.43405580511089</longitude>
			<latitude>40.89297243491712</latitude>
			<altitude>16.81712979658222</altitude>
			<heading>348.4854831540633</heading>
			<tilt>0</tilt>
			<gx:fovy>30</gx:fovy>
			<range>71.78914896578135</range>
			<altitudeMode>absolute</altitudeMode>
		</LookAt>
		<styleUrl>#__managed_style_0B62E1DD0D402FE367CE</styleUrl>
		<Polygon>
			<outerBoundaryIs>
				<LinearRing>
					<coordinates>
						-72.43407794085407,40.89301624991872,0 -72.43405361128433,40.89285599075193,0 -72.43390841207338,40.89287162563066,0 -72.4339333919397,40.89303599536792,0 -72.43407794085407,40.89301624991872,0 
					</coordinates>
				</LinearRing>
			</outerBoundaryIs>
		</Polygon>
	</Placemark>
	<Placemark id="08A1791FAA40307BAEB9">
		<name>shinnecock_hills_hole_11_fairway</name>
		<LookAt>
			<longitude>-72.43458585612242</longitude>
			<latitude>40.89408423098865</latitude>
			<altitude>20.64977933985289</altitude>
			<heading>348.4851319717714</heading>
			<tilt>0</tilt>
			<gx:fovy>30</gx:fovy>
			<range>108.7236733599457</range>
			<altitudeMode>absolute</altitudeMode>
		</LookAt>
		<styleUrl>#__managed_style_0B62E1DD0D402FE367CE</styleUrl>
		<Polygon>
			<outerBoundaryIs>
				<LinearRing>
					<coordinates>
						-72.4343938645341,40.89410578942012,0 -72.43435854694143,40.89409554395367,0 -72.43433407682528,40.89406686877648,0 -72.43432015412547,40.89401207150889,0 -72.43431041060205,40.89399306388604,0 -72.43429424455293,40.89397859903085,0 -72.43428966725946,40.89394324158445,0 -72.43430908167684,40.89389723947851,0 -72.43433102969603,40.89384664611247,0 -72.43433244232222,40.89381163754254,0 -72.4343194883869,40.89377329546301,0 -72.43428219665405,40.89372983991296,0 -72.4342279237556,40.89371024936739,0 -72.43416529507904,40.89370659601462,0 -72.43408635122137,40.89370878805858,0 -72.43400208072335,40.89373900479543,0 -72.43390674126141,40.89379076552128,0 -72.43383773581847,40.89387006537294,0 -72.43382996137466,40.89393399626881,0 -72.43385928172759,40.89397778496416,0 -72.4339254854453,40.89402508884259,0 -72.43398876535501,40.89404227821472,0 -72.43404182497829,40.89404638817525,0 -72.43408271765193,40.89404195460298,0 -72.43412475495175,40.89401340042596,0 -72.43414953816313,40.89398068554065,0 -72.43418092460662,40.893964417014,0 -72.4342153449298,40.89396293910479,0 -72.43424077564637,40.89397675963492,0 -72.43425007120287,40.89399392722497,0 -72.43424317137762,40.89402072762046,0 -72.43420571776268,40.89406609607799,0 -72.43417997902816,40.89410447597619,0 -72.43415031692808,40.89416599358464,0 -72.43412660129145,40.894190680952,0 -72.43412644655486,40.89421514848026,0 -72.43416818927049,40.89426779031989,0 -72.43417028735153,40.89430950863844,0 -72.43415643469922,40.89436149842025,0 -72.43417846700005,40.89439931102217,0 -72.43423646841219,40.89443939575049,0 -72.43429818400791,40.89444559558535,0 -72.43446730539534,40.89440489683854,0 -72.43458346626517,40.89438820819178,0 -72.43475469866694,40.89435277116446,0 -72.43479228983625,40.89431900275741,0 -72.43480425975017,40.89426086475267,0 -72.43480440009992,40.89418587604904,0 -72.43478218465724,40.89414383663565,0 -72.43472747751235,40.89412458687512,0 -72.43468249012479,40.8940971832995,0 -72.43465566631977,40.89405470802662,0 -72.43465573479415,40.89398604369158,0 -72.43463527778236,40.89394598057852,0 -72.4345891375434,40.89392337113263,0 -72.43454100506547,40.89392091058737,0 -72.43447811222322,40.89393503011376,0 -72.43443878558699,40.89395644011017,0 -72.43442347785647,40.89398671552003,0 -72.43442121615132,40.89405945625049,0 -72.43441776953216,40.89409357608337,0 -72.4343938645341,40.89410578942012,0 
					</coordinates>
				</LinearRing>
			</outerBoundaryIs>
		</Polygon>
	</Placemark>
	<Placemark id="073869E1AC40307C317B">
		<name>shinnecock_hills_hole_11_bunker</name>
		<LookAt>
			<longitude>-72.43432416260406</longitude>
			<latitude>40.89397848617988</latitude>
			<altitude>20.28027456454013</altitude>
			<heading>-11.54414702774864</heading>
			<tilt>0.1213977990765342</tilt>
			<gx:fovy>30</gx:fovy>
			<range>45.23037823380946</range>
			<altitudeMode>absolute</altitudeMode>
		</LookAt>
		<styleUrl>#__managed_style_0B62E1DD0D402FE367CE</styleUrl>
		<Polygon>
			<outerBoundaryIs>
				<LinearRing>
					<coordinates>
						-72.43439900395839,40.89396886787157,0 -72.43438806483162,40.89395144869909,0 -72.43438403555105,40.89393769968073,0 -72.43437064433013,40.89392529677375,0 -72.43436076688788,40.89391603650676,0 -72.43434523055885,40.8939121960437,0 -72.43433233232618,40.8939087405918,0 -72.43431641988107,40.89390780163747,0 -72.43431410165758,40.89391983619578,0 -72.43430233574651,40.89393157881455,0 -72.43429787831985,40.89394787109593,0 -72.43430024698218,40.89397615319401,0 -72.4343155939807,40.89399209581001,0 -72.43433471509272,40.89401032228339,0 -72.43433184796187,40.89403011941919,0 -72.4343362249647,40.89404876498958,0 -72.43433999956737,40.89406686808517,0 -72.43435773962898,40.89408390081736,0 -72.4343857532408,40.89410129851488,0 -72.43439929385863,40.89409976555292,0 -72.4344081541539,40.89409170338454,0 -72.43440783469141,40.89406177458501,0 -72.43439518567443,40.89401864324363,0 -72.43439824990514,40.89398802542888,0 -72.43440256252676,40.89397990371558,0 -72.43439900395839,40.89396886787157,0 
					</coordinates>
				</LinearRing>
			</outerBoundaryIs>
		</Polygon>
	</Placemark>
	<Placemark id="095BFDB9F240307C7BE0">
		<name>shinnecock_hills_hole_11_bunker</name>
		<LookAt>
			<longitude>-72.43419929137362</longitude>
			<latitude>40.89401000528259</latitude>
			<altitude>18.48554406472892</altitude>
			<heading>-11.54406151277989</heading>
			<tilt>0.1213975244495751</tilt>
			<gx:fovy>30</gx:fovy>
			<range>30.905752669496</range>
			<altitudeMode>absolute</altitudeMode>
		</LookAt>
		<styleUrl>#__managed_style_0B62E1DD0D402FE367CE</styleUrl>
		<Polygon>
			<outerBoundaryIs>
				<LinearRing>
					<coordinates>
						-72.43421981584359,40.89401834638966,0 -72.43422302618653,40.89400769619929,0 -72.43423138554441,40.89399765229089,0 -72.43422733781688,40.89398341469261,0 -72.4342143291106,40.89397352947724,0 -72.43419998562888,40.89397144473454,0 -72.43418458946458,40.89397462689584,0 -72.43416844946934,40.89398142151992,0 -72.43415285416073,40.89398788312644,0 -72.43414191570388,40.89399789744003,0 -72.43413932849158,40.89401910557082,0 -72.43414488645362,40.89403160128119,0 -72.43416128106642,40.89404086264997,0 -72.4341744734695,40.89404312653303,0 -72.43418897740857,40.89404465691691,0 -72.43419902828583,40.8940363633004,0 -72.43421437043953,40.89402904459826,0 -72.43421981584359,40.89401834638966,0 
					</coordinates>
				</LinearRing>
			</outerBoundaryIs>
		</Polygon>
	</Placemark>
	<Placemark id="06BF9CBAEF40307CFED6">
		<name>shinnecock_hills_hole_11_bunker</name>
		<LookAt>
			<longitude>-72.43410122844261</longitude>
			<latitude>40.89413867426259</latitude>
			<altitude>18.69361524214313</altitude>
			<heading>-11.51735501057946</heading>
			<tilt>0.1213977298929597</tilt>
			<gx:fovy>30</gx:fovy>
			<range>41.95675092263628</range>
			<altitudeMode>absolute</altitudeMode>
		</LookAt>
		<styleUrl>#__managed_style_0B62E1DD0D402FE367CE</styleUrl>
		<Polygon>
			<outerBoundaryIs>
				<LinearRing>
					<coordinates>
						-72.43411748777162,40.89416865982345,0 -72.43412361046342,40.89416156916877,0 -72.43413906954427,40.89414946715457,0 -72.43413684374249,40.89414050288166,0 -72.43414246668142,40.89412963684489,0 -72.43415694138594,40.89411289671687,0 -72.43415282088368,40.89410036978936,0 -72.43414237791683,40.89409328041606,0 -72.43412233451572,40.89408746943114,0 -72.43410576174945,40.89408495417918,0 -72.43408601718481,40.89408450354217,0 -72.43406096248026,40.89409377695964,0 -72.43405081582233,40.89411177930628,0 -72.43404438121804,40.89415140161316,0 -72.43405492331422,40.89417207283569,0 -72.43407733159287,40.89418400952656,0 -72.43409973520157,40.89418550719402,0 -72.43411206037747,40.89417670066901,0 -72.43411748777162,40.89416865982345,0 
					</coordinates>
				</LinearRing>
			</outerBoundaryIs>
		</Polygon>
	</Placemark>
	<Placemark id="0383D67A8A40307D409B">
		<name>shinnecock_hills_hole_11_bunker</name>
		<LookAt>
			<longitude>-72.43406600151812</longitude>
			<latitude>40.89427275371986</latitude>
			<altitude>20.55940146562048</altitude>
			<heading>348.4515672145379</heading>
			<tilt>0</tilt>
			<gx:fovy>30</gx:fovy>
			<range>41.75842889651449</range>
			<altitudeMode>absolute</altitudeMode>
		</LookAt>
		<styleUrl>#__managed_style_0B62E1DD0D402FE367CE</styleUrl>
		<Polygon>
			<outerBoundaryIs>
				<LinearRing>
					<coordinates>
						-72.434157943507,40.89429623213749,0 -72.43416162963175,40.89427731782239,0 -72.43414893656565,40.89425940186079,0 -72.43412910864419,40.89424831011208,0 -72.43411742007589,40.89423993004085,0 -72.43410720962638,40.89422266466293,0 -72.43408961387952,40.89421469168855,0 -72.43406762434012,40.89421724485695,0 -72.43404582845868,40.89423154682787,0 -72.43404668182386,40.89424895138161,0 -72.43405947055842,40.89427336039559,0 -72.43408013778081,40.89429693997009,0 -72.43411013246519,40.89431046206546,0 -72.43412978056008,40.89430747063567,0 -72.4341472275981,40.89430374447622,0 -72.434157943507,40.89429623213749,0 
					</coordinates>
				</LinearRing>
			</outerBoundaryIs>
		</Polygon>
	</Placemark>
	<Placemark id="02E773831F40307E2928">
		<name>shinnecock_hills_hole_11_green</name>
		<LookAt>
			<longitude>-72.43425581563555</longitude>
			<latitude>40.89431259591789</latitude>
			<altitude>22.03428047182157</altitude>
			<heading>348.4514785330915</heading>
			<tilt>0</tilt>
			<gx:fovy>30</gx:fovy>
			<range>33.23074981087302</range>
			<altitudeMode>absolute</altitudeMode>
		</LookAt>
		<styleUrl>#__managed_style_0B62E1DD0D402FE367CE</styleUrl>
		<Polygon>
			<outerBoundaryIs>
				<LinearRing>
					<coordinates>
						-72.4342437180096,40.89404064783129,0 -72.43421325266351,40.89407373686895,0 -72.4341818612241,40.89413408571884,0 -72.43416141729226,40.89416878492184,0 -72.43414317431981,40.89419500625205,0 -72.43415092970702,40.89423309616689,0 -72.43417990844907,40.89426176069584,0 -72.43419251846663,40.89428269495002,0 -72.43420648267768,40.89430445641024,0 -72.43422882017344,40.89431590269789,0 -72.43424825686633,40.8943133974379,0 -72.4342722030089,40.89431171513586,0 -72.43429404001273,40.89430050055265,0 -72.43431050597773,40.89428662401153,0 -72.43433253741705,40.89426495188658,0 -72.43435487995274,40.89423632130233,0 -72.43437679437338,40.89419750763173,0 -72.43439338692349,40.89416199820536,0 -72.43439769209863,40.89413432258367,0 -72.43436474639097,40.89411273165612,0 -72.43434145532937,40.89409329793172,0 -72.43431807992962,40.89405262203982,0 -72.43430190995312,40.89403333318022,0 -72.43426504861827,40.89402828929867,0 -72.4342437180096,40.89404064783129,0 
					</coordinates>
				</LinearRing>
			</outerBoundaryIs>
		</Polygon>
	</Placemark>
	<Placemark id="04D278AB3F40307E97A3">
		<name>shinnecock_hills_hole_12_tee</name>
		<LookAt>
			<longitude>-72.43472887692016</longitude>
			<latitude>40.8938029664418</latitude>
			<altitude>22.98740315751239</altitude>
			<heading>348.451471986978</heading>
			<tilt>0</tilt>
			<gx:fovy>30</gx:fovy>
			<range>143.6189514408397</range>
			<altitudeMode>absolute</altitudeMode>
		</LookAt>
		<styleUrl>#__managed_style_0B62E1DD0D402FE367CE</styleUrl>
		<Polygon>
			<outerBoundaryIs>
				<LinearRing>
					<coordinates>
						-72.43460816449529,40.89385172166106,0 -72.43458852032023,40.89374311074393,0 -72.43452160814726,40.89375126805792,0 -72.43454332531479,40.89385754382798,0 -72.43460816449529,40.89385172166106,0 
					</coordinates>
				</LinearRing>
			</outerBoundaryIs>
		</Polygon>
	</Placemark>
	<Placemark id="01E8A6F7C340307EC8CC">
		<name>shinnecock_hills_hole_12_tee</name>
		<LookAt>
			<longitude>-72.43485052295335</longitude>
			<latitude>40.89425459663397</latitude>
			<altitude>23.69124812659891</altitude>
			<heading>348.4513912671729</heading>
			<tilt>0</tilt>
			<gx:fovy>30</gx:fovy>
			<range>142.9151056922819</range>
			<altitudeMode>absolute</altitudeMode>
		</LookAt>
		<styleUrl>#__managed_style_0B62E1DD0D402FE367CE</styleUrl>
		<Polygon>
			<outerBoundaryIs>
				<LinearRing>
					<coordinates>
						-72.43499694308872,40.89412411865777,0 -72.43497865621384,40.89407023964318,0 -72.43483716929056,40.89410208080669,0 -72.43486136534582,40.89415666352127,0 -72.43499694308872,40.89412411865777,0 
					</coordinates>
				</LinearRing>
			</outerBoundaryIs>
		</Polygon>
	</Placemark>
	<Placemark id="0FD0B930A540307EF3A1">
		<name>shinnecock_hills_hole_12_tee</name>
		<LookAt>
			<longitude>-72.4348779773137</longitude>
			<latitude>40.89442206145138</latitude>
			<altitude>23.24822249102852</altitude>
			<heading>348.4513896758569</heading>
			<tilt>0</tilt>
			<gx:fovy>30</gx:fovy>
			<range>93.76611970671549</range>
			<altitudeMode>absolute</altitudeMode>
		</LookAt>
		<styleUrl>#__managed_style_0B62E1DD0D402FE367CE</styleUrl>
		<Polygon>
			<outerBoundaryIs>
				<LinearRing>
					<coordinates>
						-72.43495148356678,40.89441740216561,0 -72.43494650034069,40.89433110990304,0 -72.43488779874797,40.89433039916168,0 -72.43489656288186,40.89442080313285,0 -72.43495148356678,40.89441740216561,0 
					</coordinates>
				</LinearRing>
			</outerBoundaryIs>
		</Polygon>
	</Placemark>
	<Placemark id="0D8FA294B940307F3440">
		<name>shinnecock_hills_hole_12_bunker</name>
		<LookAt>
			<longitude>-72.43500216867513</longitude>
			<latitude>40.89525071454043</latitude>
			<altitude>18.41310344837877</altitude>
			<heading>-11.64025985988514</heading>
			<tilt>0.1254239841416958</tilt>
			<gx:fovy>30</gx:fovy>
			<range>88.88705541508898</range>
			<altitudeMode>absolute</altitudeMode>
		</LookAt>
		<styleUrl>#__managed_style_0B62E1DD0D402FE367CE</styleUrl>
		<Polygon>
			<outerBoundaryIs>
				<LinearRing>
					<coordinates>
						-72.43501964585144,40.89516000436595,0 -72.43497829904983,40.89515741670236,0 -72.43495120548992,40.8951889234313,0 -72.43495898521125,40.89523682332747,0 -72.43499505332468,40.89527581573404,0 -72.4350388775094,40.89526479439667,0 -72.43507502084512,40.89524879223574,0 -72.43507882895362,40.89521599047327,0 -72.43506215234653,40.89520096809274,0 -72.43504845307841,40.89518758286282,0 -72.43504586621013,40.89516427124777,0 -72.43501964585144,40.89516000436595,0 
					</coordinates>
				</LinearRing>
			</outerBoundaryIs>
		</Polygon>
	</Placemark>
	<Placemark id="061D89C3B940307F7B64">
		<name>shinnecock_hills_hole_12_bunker</name>
		<LookAt>
			<longitude>-72.43493526507046</longitude>
			<latitude>40.89557111433123</latitude>
			<altitude>16.88410853468638</altitude>
			<heading>-11.64018092724064</heading>
			<tilt>0.1254232267986659</tilt>
			<gx:fovy>30</gx:fovy>
			<range>50.55751767065885</range>
			<altitudeMode>absolute</altitudeMode>
		</LookAt>
		<styleUrl>#__managed_style_0B62E1DD0D402FE367CE</styleUrl>
		<Polygon>
			<outerBoundaryIs>
				<LinearRing>
					<coordinates>
						-72.43493187925537,40.895512506222,0 -72.43490712850775,40.8955113947023,0 -72.43487676052128,40.89552203841287,0 -72.43484150919068,40.89555477571869,0 -72.43483260846477,40.89559135673969,0 -72.43484711337481,40.89560293503117,0 -72.43486861670881,40.89560654864423,0 -72.43489220918065,40.89559654495714,0 -72.43491835371165,40.89561915186792,0 -72.43494451873789,40.89561421220224,0 -72.43495636205417,40.89559220295092,0 -72.43494860352368,40.8955811054682,0 -72.43495799945178,40.89557026848692,0 -72.43495438806862,40.89552929562609,0 -72.43493187925537,40.895512506222,0 
					</coordinates>
				</LinearRing>
			</outerBoundaryIs>
		</Polygon>
	</Placemark>
	<Placemark id="00C698D88E40307FC5A8">
		<name>shinnecock_hills_hole_12_bunker</name>
		<LookAt>
			<longitude>-72.43528950656312</longitude>
			<latitude>40.89574016816547</latitude>
			<altitude>18.49958255869837</altitude>
			<heading>-11.61288924708882</heading>
			<tilt>0.1254230501267696</tilt>
			<gx:fovy>30</gx:fovy>
			<range>41.70187555407665</range>
			<altitudeMode>absolute</altitudeMode>
		</LookAt>
		<styleUrl>#__managed_style_0B62E1DD0D402FE367CE</styleUrl>
		<Polygon>
			<outerBoundaryIs>
				<LinearRing>
					<coordinates>
						-72.43536611109161,40.89567733491427,0 -72.43535791482037,40.89566487546556,0 -72.43534364333078,40.89565390952007,0 -72.43532425421176,40.89565186567539,0 -72.43530637234591,40.89565922191171,0 -72.4352913285983,40.89567314374992,0 -72.4352782211291,40.89569257066938,0 -72.43525935194856,40.8957453580089,0 -72.435265937623,40.89577655156278,0 -72.43528508887253,40.89579433299874,0 -72.43530318270902,40.89579736267675,0 -72.43532296491078,40.89578944906188,0 -72.43534808716946,40.89577412957001,0 -72.43535966484251,40.8957553269453,0 -72.43536551926047,40.89573428716817,0 -72.43534919567719,40.895724255623,0 -72.43535016622778,40.89570926396934,0 -72.43536491615974,40.89568925549739,0 -72.43536611109161,40.89567733491427,0 
					</coordinates>
				</LinearRing>
			</outerBoundaryIs>
		</Polygon>
	</Placemark>
	<Placemark id="0B2C5F988B4030801150">
		<name>shinnecock_hills_hole_12_bunker</name>
		<LookAt>
			<longitude>-72.43483496189936</longitude>
			<latitude>40.89593254112354</latitude>
			<altitude>17.39585753764476</altitude>
			<heading>-11.58413083822289</heading>
			<tilt>0.1254228818293977</tilt>
			<gx:fovy>30</gx:fovy>
			<range>33.38809384132674</range>
			<altitudeMode>absolute</altitudeMode>
		</LookAt>
		<styleUrl>#__managed_style_0B62E1DD0D402FE367CE</styleUrl>
		<Polygon>
			<outerBoundaryIs>
				<LinearRing>
					<coordinates>
						-72.43487355561288,40.89592142926512,0 -72.43486453317036,40.89591000148739,0 -72.43483520469208,40.89588767902015,0 -72.43481650900488,40.8958894551936,0 -72.43479415390584,40.8958981584087,0 -72.43476094588155,40.89591853240363,0 -72.4347386795133,40.89593522335809,0 -72.4347470208585,40.89596734393496,0 -72.43475376341488,40.89598353876016,0 -72.43479247399365,40.89599050922738,0 -72.43481250897599,40.89598613868561,0 -72.43482993713758,40.89597281048566,0 -72.43485427601644,40.89596095470156,0 -72.43487268218664,40.89593195167578,0 -72.43487355561288,40.89592142926512,0 
					</coordinates>
				</LinearRing>
			</outerBoundaryIs>
		</Polygon>
	</Placemark>
	<Placemark id="065FF507774030806BB6">
		<name>shinnecock_hills_hole_12_bunker</name>
		<LookAt>
			<longitude>-72.4354232124475</longitude>
			<latitude>40.89699465762457</latitude>
			<altitude>17.71482103523546</altitude>
			<heading>348.4156055612937</heading>
			<tilt>0</tilt>
			<gx:fovy>30</gx:fovy>
			<range>68.37267810975391</range>
			<altitudeMode>absolute</altitudeMode>
		</LookAt>
		<styleUrl>#__managed_style_0B62E1DD0D402FE367CE</styleUrl>
		<Polygon>
			<outerBoundaryIs>
				<LinearRing>
					<coordinates>
						-72.43545176055984,40.89698165629698,0 -72.43547350122039,40.89695849682128,0 -72.43547398832526,40.89690919144077,0 -72.43545462439023,40.89687640364124,0 -72.43541951392855,40.89687402204368,0 -72.43538226642481,40.8968995734962,0 -72.43536257769152,40.89696891483337,0 -72.4353539585004,40.89700789985834,0 -72.43537698988209,40.89703907827865,0 -72.43540862421546,40.89705047637015,0 -72.43543719388164,40.89704709579251,0 -72.4354411946302,40.89701886753646,0 -72.43544179397664,40.89699918616905,0 -72.43545176055984,40.89698165629698,0 
					</coordinates>
				</LinearRing>
			</outerBoundaryIs>
		</Polygon>
	</Placemark>
	<Placemark id="0764C53FCD40308092C1">
		<name>shinnecock_hills_hole_12_bunker</name>
		<LookAt>
			<longitude>-72.4354967765146</longitude>
			<latitude>40.89698101023867</latitude>
			<altitude>18.83110768420887</altitude>
			<heading>348.4155868207764</heading>
			<tilt>0</tilt>
			<gx:fovy>30</gx:fovy>
			<range>31.93308527511817</range>
			<altitudeMode>absolute</altitudeMode>
		</LookAt>
		<styleUrl>#__managed_style_0B62E1DD0D402FE367CE</styleUrl>
		<Polygon>
			<outerBoundaryIs>
				<LinearRing>
					<coordinates>
						-72.43551410712271,40.89696006959014,0 -72.43549959878041,40.89699291863503,0 -72.43551704468769,40.89700151092393,0 -72.43553155651114,40.89699544707005,0 -72.43554353016891,40.89698295040436,0 -72.43554548354885,40.89696458229853,0 -72.43554055607959,40.89695688704922,0 -72.43552610093703,40.89695666252177,0 -72.43551410712271,40.89696006959014,0 
					</coordinates>
				</LinearRing>
			</outerBoundaryIs>
		</Polygon>
	</Placemark>
	<Placemark id="087EAB3EBD403080C114">
		<name>shinnecock_hills_hole_12_bunker</name>
		<LookAt>
			<longitude>-72.43553892497155</longitude>
			<latitude>40.89701805847326</latitude>
			<altitude>19.40270452503988</altitude>
			<heading>348.4155581031588</heading>
			<tilt>0</tilt>
			<gx:fovy>30</gx:fovy>
			<range>31.3614880113073</range>
			<altitudeMode>absolute</altitudeMode>
		</LookAt>
		<styleUrl>#__managed_style_0B62E1DD0D402FE367CE</styleUrl>
		<Polygon>
			<outerBoundaryIs>
				<LinearRing>
					<coordinates>
						-72.43558301037918,40.89701903227507,0 -72.43558053932558,40.89699893123112,0 -72.43557078897653,40.8969893971848,0 -72.43555968005832,40.89699928473809,0 -72.43555536191131,40.89701974045665,0 -72.43556216201424,40.89702248660626,0 -72.43557402755479,40.8970195922184,0 -72.43558034952882,40.89702318369976,0 -72.43558301037918,40.89701903227507,0 
					</coordinates>
				</LinearRing>
			</outerBoundaryIs>
		</Polygon>
	</Placemark>
	<Placemark id="0A8A4AB4934030812D48">
		<name>shinnecock_hills_hole_12_bunker</name>
		<LookAt>
			<longitude>-72.43553473481821</longitude>
			<latitude>40.89707674713313</latitude>
			<altitude>19.29981804108033</altitude>
			<heading>348.4430939015922</heading>
			<tilt>0</tilt>
			<gx:fovy>30</gx:fovy>
			<range>25.00022493222333</range>
			<altitudeMode>absolute</altitudeMode>
		</LookAt>
		<styleUrl>#__managed_style_0B62E1DD0D402FE367CE</styleUrl>
		<Polygon>
			<outerBoundaryIs>
				<LinearRing>
					<coordinates>
						-72.43553836867827,40.89705385606058,0 -72.43553007284913,40.897062495299,0 -72.43553287191348,40.8970793576685,0 -72.43554760524414,40.89708371612392,0 -72.43556953710988,40.89708007452709,0 -72.43557946178728,40.8970735321675,0 -72.43558178208295,40.89705969386794,0 -72.43557397150271,40.89704982032921,0 -72.435565450407,40.89704467709279,0 -72.43555374638116,40.89704260493502,0 -72.43554430187034,40.89704465732309,0 -72.43553836867827,40.89705385606058,0 
					</coordinates>
				</LinearRing>
			</outerBoundaryIs>
		</Polygon>
	</Placemark>
	<Placemark id="0A0AB2E2ED403081605F">
		<name>shinnecock_hills_hole_12_bunker</name>
		<LookAt>
			<longitude>-72.43550240841643</longitude>
			<latitude>40.89713156623275</latitude>
			<altitude>18.48061635913282</altitude>
			<heading>348.4715339295822</heading>
			<tilt>0</tilt>
			<gx:fovy>30</gx:fovy>
			<range>27.20050920584526</range>
			<altitudeMode>absolute</altitudeMode>
		</LookAt>
		<styleUrl>#__managed_style_0B62E1DD0D402FE367CE</styleUrl>
		<Polygon>
			<outerBoundaryIs>
				<LinearRing>
					<coordinates>
						-72.43545957756749,40.89714685414852,0 -72.43548258664416,40.89712064799331,0 -72.4354825800494,40.8971016742197,0 -72.43547250573603,40.89709144785601,0 -72.43545900102004,40.89709315351462,0 -72.43544751389091,40.89710126601378,0 -72.43544700900628,40.89711585643619,0 -72.4354412648764,40.89712740884002,0 -72.43543050023906,40.89713111554578,0 -72.43543549702098,40.89714106220339,0 -72.43544572261213,40.8971469281345,0 -72.43545957756749,40.89714685414852,0 
					</coordinates>
				</LinearRing>
			</outerBoundaryIs>
		</Polygon>
	</Placemark>
	<Placemark id="0235B074F24030819DBC">
		<name>shinnecock_hills_hole_12_bunker</name>
		<LookAt>
			<longitude>-72.43550888051634</longitude>
			<latitude>40.8971536098691</latitude>
			<altitude>18.5266209400761</altitude>
			<heading>348.4715287640884</heading>
			<tilt>0</tilt>
			<gx:fovy>30</gx:fovy>
			<range>27.15450167111612</range>
			<altitudeMode>absolute</altitudeMode>
		</LookAt>
		<styleUrl>#__managed_style_0B62E1DD0D402FE367CE</styleUrl>
		<Polygon>
			<outerBoundaryIs>
				<LinearRing>
					<coordinates>
						-72.43552165684723,40.89711631409256,0 -72.43550462518365,40.89712686147188,0 -72.43549988973831,40.89714015682449,0 -72.43550599903747,40.89715870587606,0 -72.43552011591578,40.89717009331867,0 -72.43553687363027,40.89716449623763,0 -72.43554784289897,40.89715688118449,0 -72.43554986969804,40.89714919273707,0 -72.43555996784426,40.8971430020039,0 -72.43555583997953,40.89712755237665,0 -72.4355446278847,40.89711727220246,0 -72.43552888679086,40.89711478848049,0 -72.43552165684723,40.89711631409256,0 
					</coordinates>
				</LinearRing>
			</outerBoundaryIs>
		</Polygon>
	</Placemark>
	<Placemark id="00862F78A0403081D603">
		<name>shinnecock_hills_hole_12_bunker</name>
		<LookAt>
			<longitude>-72.43559989843179</longitude>
			<latitude>40.89712264558264</latitude>
			<altitude>19.76965182117231</altitude>
			<heading>348.4430502831644</heading>
			<tilt>0</tilt>
			<gx:fovy>30</gx:fovy>
			<range>26.55857082517741</range>
			<altitudeMode>absolute</altitudeMode>
		</LookAt>
		<styleUrl>#__managed_style_0B62E1DD0D402FE367CE</styleUrl>
		<Polygon>
			<outerBoundaryIs>
				<LinearRing>
					<coordinates>
						-72.43562493674852,40.89714386505879,0 -72.43563606425197,40.89713907998708,0 -72.43563881789476,40.89713068662764,0 -72.43563937430925,40.89712208908151,0 -72.43563262182649,40.89709924212099,0 -72.43562218351882,40.89709501932084,0 -72.43561651662309,40.89708615079682,0 -72.43560691830247,40.89708546706331,0 -72.4355915103103,40.8970912336267,0 -72.43559006334036,40.897104376205,0 -72.43560579327914,40.89712355622253,0 -72.43561182396947,40.89714425762367,0 -72.43562493674852,40.89714386505879,0 
					</coordinates>
				</LinearRing>
			</outerBoundaryIs>
		</Polygon>
	</Placemark>
	<Placemark id="0C0852388F4030821D14">
		<name>shinnecock_hills_hole_12_bunker</name>
		<LookAt>
			<longitude>-72.4355378882279</longitude>
			<latitude>40.89728104169304</latitude>
			<altitude>18.045051143504</altitude>
			<heading>348.4431018621228</heading>
			<tilt>0</tilt>
			<gx:fovy>30</gx:fovy>
			<range>64.14973688960345</range>
			<altitudeMode>absolute</altitudeMode>
		</LookAt>
		<styleUrl>#__managed_style_0B62E1DD0D402FE367CE</styleUrl>
		<Polygon>
			<outerBoundaryIs>
				<LinearRing>
					<coordinates>
						-72.43555385262236,40.89719364367215,0 -72.43551567013581,40.897191577629,0 -72.43547032978459,40.89719923692802,0 -72.43545321679201,40.8972088087074,0 -72.43545235784897,40.8972603888726,0 -72.43547088742041,40.89729582858045,0 -72.43550137790565,40.89732325013572,0 -72.43552644356021,40.89734502096293,0 -72.43557159640625,40.89735312599846,0 -72.4356146517254,40.89733397240428,0 -72.43563420849512,40.89730324499392,0 -72.43561943404873,40.89725816685969,0 -72.43561327593271,40.89722165834818,0 -72.4355910018721,40.89719913402877,0 -72.43555385262236,40.89719364367215,0 
					</coordinates>
				</LinearRing>
			</outerBoundaryIs>
		</Polygon>
	</Placemark>
	<Placemark id="03A0B01B154030826097">
		<name>shinnecock_hills_hole_12_bunker</name>
		<LookAt>
			<longitude>-72.43505175340108</longitude>
			<latitude>40.89727723695139</latitude>
			<altitude>18.78557906879248</altitude>
			<heading>348.414163449403</heading>
			<tilt>0</tilt>
			<gx:fovy>30</gx:fovy>
			<range>73.07156553835739</range>
			<altitudeMode>absolute</altitudeMode>
		</LookAt>
		<styleUrl>#__managed_style_0B62E1DD0D402FE367CE</styleUrl>
		<Polygon>
			<outerBoundaryIs>
				<LinearRing>
					<coordinates>
						-72.43511464388274,40.89732403314377,0 -72.43507939306542,40.89728509431164,0 -72.43504193668375,40.89724427198338,0 -72.43500666725286,40.89724804675757,0 -72.43499456645374,40.89727407548614,0 -72.43500335867779,40.89733173809019,0 -72.43503513697974,40.89736458355172,0 -72.43506559648723,40.89737644717227,0 -72.4350996475501,40.89736954867752,0 -72.43511761875833,40.89736440916003,0 -72.43512152423172,40.89734177661649,0 -72.43511464388274,40.89732403314377,0 
					</coordinates>
				</LinearRing>
			</outerBoundaryIs>
		</Polygon>
	</Placemark>
	<Placemark id="07CAA584814030829174">
		<name>shinnecock_hills_hole_12_bunker</name>
		<LookAt>
			<longitude>-72.43505175340108</longitude>
			<latitude>40.89727723695139</latitude>
			<altitude>18.78557906879248</altitude>
			<heading>348.414163409296</heading>
			<tilt>0</tilt>
			<gx:fovy>30</gx:fovy>
			<range>73.07156553835739</range>
			<altitudeMode>absolute</altitudeMode>
		</LookAt>
		<styleUrl>#__managed_style_0B62E1DD0D402FE367CE</styleUrl>
		<Polygon>
			<outerBoundaryIs>
				<LinearRing>
					<coordinates>
						-72.43495420966534,40.89733768399212,0 -72.43497597203482,40.8973225140863,0 -72.43497056204389,40.89729880605087,0 -72.4349480745076,40.89728305400109,0 -72.43490922935409,40.89728962536486,0 -72.43488494936233,40.89731808791132,0 -72.4348999148751,40.8973396964494,0 -72.43492985925226,40.89734463211006,0 -72.43495420966534,40.89733768399212,0 
					</coordinates>
				</LinearRing>
			</outerBoundaryIs>
		</Polygon>
	</Placemark>
	<Placemark id="0B17E394D2403082C904">
		<name>shinnecock_hills_hole_12_bunker</name>
		<LookAt>
			<longitude>-72.43505173893122</longitude>
			<latitude>40.89727726855999</latitude>
			<altitude>18.78553191007347</altitude>
			<heading>348.4425839156732</heading>
			<tilt>0</tilt>
			<gx:fovy>30</gx:fovy>
			<range>73.07161189355611</range>
			<altitudeMode>absolute</altitudeMode>
		</LookAt>
		<styleUrl>#__managed_style_0B62E1DD0D402FE367CE</styleUrl>
		<Polygon>
			<outerBoundaryIs>
				<LinearRing>
					<coordinates>
						-72.43499004505151,40.8972442750131,0 -72.43500871018121,40.89721899692048,0 -72.43500106043689,40.89719319633571,0 -72.43497878372777,40.89718289675972,0 -72.43494160613947,40.89718321806429,0 -72.43488753564263,40.89721105435358,0 -72.43485503112763,40.89723526076533,0 -72.43485988593756,40.89726415022753,0 -72.43488252718464,40.89727935216354,0 -72.43492317235007,40.89727534865695,0 -72.43496824355994,40.89725608002832,0 -72.43499004505151,40.8972442750131,0 
					</coordinates>
				</LinearRing>
			</outerBoundaryIs>
		</Polygon>
	</Placemark>
	<Placemark id="0AB5A67CB94030833499">
		<name>shinnecock_hills_hole_12_green</name>
		<LookAt>
			<longitude>-72.43528561031009</longitude>
			<latitude>40.89767118025696</latitude>
			<altitude>19.77722843467474</altitude>
			<heading>348.4425377604173</heading>
			<tilt>0</tilt>
			<gx:fovy>30</gx:fovy>
			<range>88.54646059249718</range>
			<altitudeMode>absolute</altitudeMode>
		</LookAt>
		<styleUrl>#__managed_style_0B62E1DD0D402FE367CE</styleUrl>
		<Polygon>
			<outerBoundaryIs>
				<LinearRing>
					<coordinates>
						-72.43536554191779,40.89747216563116,0 -72.43526653977986,40.89746668252184,0 -72.43520509641996,40.89746745229866,0 -72.43514682176546,40.89747725107608,0 -72.43508464033242,40.89750238203278,0 -72.43507818037199,40.89756717292153,0 -72.43510668097954,40.89767254096075,0 -72.43517758654508,40.89773128125143,0 -72.43526107687443,40.89775056868462,0 -72.43535782090473,40.89773587360363,0 -72.43540877899733,40.89770083714667,0 -72.43546352961322,40.8976225509259,0 -72.43544656163631,40.89752193117305,0 -72.43541871460954,40.89748595591023,0 -72.43536554191779,40.89747216563116,0 
					</coordinates>
				</LinearRing>
			</outerBoundaryIs>
		</Polygon>
	</Placemark>
	<Placemark id="095CFC4B104030845E44">
		<name>shinnecock_hills_hole_12_fairway</name>
		<LookAt>
			<longitude>-72.4350672804744</longitude>
			<latitude>40.89525348836563</latitude>
			<altitude>19.51273702050516</altitude>
			<heading>348.4424258857985</heading>
			<tilt>0</tilt>
			<gx:fovy>30</gx:fovy>
			<range>64.11877741125863</range>
			<altitudeMode>absolute</altitudeMode>
		</LookAt>
		<styleUrl>#__managed_style_0B62E1DD0D402FE367CE</styleUrl>
		<Polygon>
			<outerBoundaryIs>
				<LinearRing>
					<coordinates>
						-72.4351071216646,40.89522138868881,0 -72.43510076890367,40.89524910230129,0 -72.43506883503879,40.89527533953548,0 -72.43500390305945,40.89530806447026,0 -72.43490343222462,40.89535606820696,0 -72.43488158938133,40.89538670885143,0 -72.43487826672647,40.89542638091883,0 -72.43490132400845,40.89546244274007,0 -72.434950197183,40.89549873369468,0 -72.43498070764817,40.89553222285072,0 -72.43498807026675,40.89556773491552,0 -72.43497510356855,40.89560797751916,0 -72.43494814409073,40.89562930270645,0 -72.43492050210861,40.89563237106726,0 -72.4348640414556,40.89563578853819,0 -72.43482377788368,40.89565362349618,0 -72.43478893119327,40.89571026106191,0 -72.43478631779048,40.89577635217164,0 -72.43480932338682,40.89583477821817,0 -72.43483912769099,40.89586766113791,0 -72.43487828776156,40.89591031971935,0 -72.43490399930639,40.89595611917612,0 -72.43491869501941,40.8960084671719,0 -72.43492369131725,40.89609852185251,0 -72.43492493969993,40.89621553478943,0 -72.43492522632779,40.89636256687742,0 -72.43491680160476,40.89652061861511,0 -72.4349163318916,40.89661904370475,0 -72.43491494052898,40.89667789438709,0 -72.43493390802119,40.89671227120765,0 -72.43500866295548,40.89673504214297,0 -72.43518589773259,40.89673794952508,0 -72.43529769202594,40.89673021389905,0 -72.4353405809797,40.89671101739484,0 -72.4353687395692,40.89662984731066,0 -72.43536376179806,40.89649923409812,0 -72.43534676055287,40.8962470021917,0 -72.43531796928615,40.89603970646814,0 -72.43529570969625,40.89589480427148,0 -72.43528741875517,40.89582449180076,0 -72.43525856830482,40.8957963537297,0 -72.43524453898685,40.89575875586672,0 -72.43526147334548,40.89567528664328,0 -72.43531253696298,40.89563935428122,0 -72.43537043937143,40.89564036665382,0 -72.43545519957935,40.89562156443436,0 -72.43550816807887,40.89553917274248,0 -72.43553310126551,40.89540577566072,0 -72.43551798419423,40.89526672927362,0 -72.43544434721358,40.89510943578068,0 -72.43536379859182,40.89498762635235,0 -72.43527929333742,40.89489875769075,0 -72.43517399148875,40.89486281519834,0 -72.43506872124047,40.89486976511058,0 -72.43497205582308,40.89490230810538,0 -72.43490971204419,40.89494765120013,0 -72.43489835039878,40.89502175355925,0 -72.43492166029327,40.8950801417304,0 -72.43496970164023,40.8951113032624,0 -72.43505000374805,40.89514409543911,0 -72.43509713941319,40.89519566036907,0 -72.4351071216646,40.89522138868881,0 
					</coordinates>
				</LinearRing>
			</outerBoundaryIs>
		</Polygon>
	</Placemark>
	<Placemark id="0A4573AF5D403084B520">
		<name>shinnecock_hills_hole_12_bunker</name>
		<LookAt>
			<longitude>-72.43528457343477</longitude>
			<latitude>40.89712958476756</latitude>
			<altitude>17.98852908743014</altitude>
			<heading>348.4423365385297</heading>
			<tilt>0</tilt>
			<gx:fovy>30</gx:fovy>
			<range>52.4623686740415</range>
			<altitudeMode>absolute</altitudeMode>
		</LookAt>
		<styleUrl>#__managed_style_0B62E1DD0D402FE367CE</styleUrl>
		<Polygon>
			<outerBoundaryIs>
				<LinearRing>
					<coordinates>
						-72.43540680204435,40.89712245067206,0 -72.43539784834894,40.89710372505851,0 -72.43536983965757,40.89707710144852,0 -72.43533569257963,40.89706604912594,0 -72.43531660006397,40.89708101229382,0 -72.43530359407431,40.89710465923108,0 -72.43530689028053,40.89714006948799,0 -72.43532142488277,40.89715644506878,0 -72.43534366521772,40.89716491051241,0 -72.43536628969655,40.89716280373177,0 -72.4353863015608,40.89715322008271,0 -72.43539484764854,40.89713758734434,0 -72.43540680204435,40.89712245067206,0 
					</coordinates>
				</LinearRing>
			</outerBoundaryIs>
		</Polygon>
	</Placemark>
	<Placemark id="0ED008C9A54030859E54">
		<name>shinnecock_hills_hole_12_fairway</name>
		<LookAt>
			<longitude>-72.43541339826602</longitude>
			<latitude>40.89701534941468</latitude>
			<altitude>17.73876946943429</altitude>
			<heading>30.65316719113376</heading>
			<tilt>0</tilt>
			<gx:fovy>30</gx:fovy>
			<range>94.02426601398474</range>
			<altitudeMode>absolute</altitudeMode>
		</LookAt>
		<styleUrl>#__managed_style_0B62E1DD0D402FE367CE</styleUrl>
		<Polygon>
			<outerBoundaryIs>
				<LinearRing>
					<coordinates>
						-72.43535413630286,40.89687620071278,0 -72.43533349100477,40.89684917075927,0 -72.43527452100048,40.89683607109983,0 -72.43491506734065,40.89683184403057,0 -72.43489028591594,40.89684063339651,0 -72.43487579940485,40.89694647893289,0 -72.434879953276,40.89708293640091,0 -72.4349202099404,40.89712611648789,0 -72.43498227539612,40.89716258124962,0 -72.43502576232157,40.89719905315281,0 -72.43507310458138,40.89725968849569,0 -72.4351154956304,40.89730453358757,0 -72.43513139391449,40.89734807187997,0 -72.43511527665868,40.89737972199097,0 -72.4350407516495,40.89741446433617,0 -72.43500474736894,40.89746740406549,0 -72.43499169697277,40.89754477481139,0 -72.43498579579301,40.89764662930255,0 -72.4350258446231,40.89773156533069,0 -72.43508676963091,40.89777815182885,0 -72.43521060042033,40.8978171476516,0 -72.43530821738912,40.89782431922819,0 -72.43540326016004,40.8978008664417,0 -72.43546697056674,40.89775858995576,0 -72.43550149127144,40.89769432900066,0 -72.43553013630404,40.89761114847764,0 -72.43553652852138,40.89743675744327,0 -72.43550136591706,40.89734654454768,0 -72.43545125221365,40.89728065027806,0 -72.43543871840258,40.89722716918106,0 -72.43539381514223,40.89718870723617,0 -72.43531536471723,40.89716623101017,0 -72.43528579758741,40.89711846201846,0 -72.43529292204279,40.89709609803552,0 -72.43533080015804,40.89705557549389,0 -72.43534992582917,40.8970093347927,0 -72.43536682984225,40.89691091104605,0 -72.43535413630286,40.89687620071278,0 
					</coordinates>
				</LinearRing>
			</outerBoundaryIs>
		</Polygon>
	</Placemark>
	<Placemark id="0764F80F58403086286F">
		<name>shinnecock_hills_hole_13_tee</name>
		<LookAt>
			<longitude>-72.43618590200258</longitude>
			<latitude>40.89715253332094</latitude>
			<altitude>24.66624373235898</altitude>
			<heading>209.9063083050497</heading>
			<tilt>0</tilt>
			<gx:fovy>30</gx:fovy>
			<range>151.8365229386473</range>
			<altitudeMode>absolute</altitudeMode>
		</LookAt>
		<styleUrl>#__managed_style_0B62E1DD0D402FE367CE</styleUrl>
		<Polygon>
			<outerBoundaryIs>
				<LinearRing>
					<coordinates>
						-72.43621228780125,40.89709588493645,0 -72.43609703156014,40.89731930000263,0 -72.4361834708198,40.89734458298269,0 -72.43629793142053,40.89712247022376,0 -72.43621228780125,40.89709588493645,0 
					</coordinates>
				</LinearRing>
			</outerBoundaryIs>
		</Polygon>
	</Placemark>
	<Placemark id="0D7B46010B40308680A6">
		<name>shinnecock_hills_hole_13_tee</name>
		<LookAt>
			<longitude>-72.43636590654826</longitude>
			<latitude>40.89699415387782</latitude>
			<altitude>23.58211220275165</altitude>
			<heading>209.9062023598419</heading>
			<tilt>0</tilt>
			<gx:fovy>30</gx:fovy>
			<range>84.45582869829195</range>
			<altitudeMode>absolute</altitudeMode>
		</LookAt>
		<styleUrl>#__managed_style_0B62E1DD0D402FE367CE</styleUrl>
		<Polygon>
			<outerBoundaryIs>
				<LinearRing>
					<coordinates>
						-72.4363543085022,40.89691156488861,0 -72.43629848104841,40.89700740843814,0 -72.4363801584152,40.89703346784674,0 -72.43642964544455,40.89693555521669,0 -72.4363543085022,40.89691156488861,0 
					</coordinates>
				</LinearRing>
			</outerBoundaryIs>
		</Polygon>
	</Placemark>
	<Placemark id="067D3F04BA403086C8E9">
		<name>shinnecock_hills_hole_13_bunker</name>
		<LookAt>
			<longitude>-72.4368051726448</longitude>
			<latitude>40.89606331507539</latitude>
			<altitude>17.46364792743822</altitude>
			<heading>209.9342053917821</heading>
			<tilt>0</tilt>
			<gx:fovy>30</gx:fovy>
			<range>31.75290261769533</range>
			<altitudeMode>absolute</altitudeMode>
		</LookAt>
		<styleUrl>#__managed_style_0B62E1DD0D402FE367CE</styleUrl>
		<Polygon>
			<outerBoundaryIs>
				<LinearRing>
					<coordinates>
						-72.43680192022761,40.89602990648591,0 -72.43675616117567,40.89604549243321,0 -72.43671594918654,40.89605290581006,0 -72.43669455789527,40.89607827986011,0 -72.43669902379979,40.89611900217054,0 -72.43672334737363,40.89613681012111,0 -72.43672956423738,40.89615270587484,0 -72.43673696175239,40.89615284270849,0 -72.43674626487316,40.89614316174961,0 -72.43677739381326,40.89614747223929,0 -72.43681767612946,40.89614176778927,0 -72.43684020209523,40.89612272583024,0 -72.43684902379746,40.89609065002603,0 -72.43685655212292,40.8960553716835,0 -72.43684352683576,40.89604216760726,0 -72.43683254102403,40.89603563652474,0 -72.43681326558206,40.89603250484022,0 -72.43680192022761,40.89602990648591,0 
					</coordinates>
				</LinearRing>
			</outerBoundaryIs>
		</Polygon>
	</Placemark>
	<Placemark id="0BE05354D5403087203C">
		<name>shinnecock_hills_hole_13_bunker</name>
		<LookAt>
			<longitude>-72.43691686673036</longitude>
			<latitude>40.89597051638316</latitude>
			<altitude>17.84761602412237</altitude>
			<heading>209.9624709334265</heading>
			<tilt>0</tilt>
			<gx:fovy>30</gx:fovy>
			<range>47.23712665557742</range>
			<altitudeMode>absolute</altitudeMode>
		</LookAt>
		<styleUrl>#__managed_style_0B62E1DD0D402FE367CE</styleUrl>
		<Polygon>
			<outerBoundaryIs>
				<LinearRing>
					<coordinates>
						-72.43689696129131,40.89601616074523,0 -72.4368965975949,40.89603523013658,0 -72.43692789676841,40.89603320365306,0 -72.43692899478664,40.89600976846483,0 -72.43696379461026,40.89598357787335,0 -72.43699104105097,40.89596759169292,0 -72.43700990454747,40.89596838124098,0 -72.4370369735712,40.89593657792517,0 -72.43702183874369,40.89591301533518,0 -72.43699800701592,40.89587185646519,0 -72.43696743085961,40.89585235635603,0 -72.43692544332117,40.89584773916198,0 -72.43690700442967,40.89584956722817,0 -72.4368896157326,40.89587555198428,0 -72.43686520001276,40.89591215456753,0 -72.4368516050331,40.89595410461729,0 -72.43687098138344,40.89599552837551,0 -72.43689696129131,40.89601616074523,0 
					</coordinates>
				</LinearRing>
			</outerBoundaryIs>
		</Polygon>
	</Placemark>
	<Placemark id="0B30682DFB4030877156">
		<name>shinnecock_hills_hole_13_bunker</name>
		<LookAt>
			<longitude>-72.43759673551223</longitude>
			<latitude>40.89496879168762</latitude>
			<altitude>17.92869613165868</altitude>
			<heading>209.9618173487006</heading>
			<tilt>0</tilt>
			<gx:fovy>30</gx:fovy>
			<range>101.3757833341151</range>
			<altitudeMode>absolute</altitudeMode>
		</LookAt>
		<styleUrl>#__managed_style_0B62E1DD0D402FE367CE</styleUrl>
		<Polygon>
			<outerBoundaryIs>
				<LinearRing>
					<coordinates>
						-72.43735286218332,40.89505797412368,0 -72.43736792839829,40.89508746189867,0 -72.43738901768563,40.89510341886921,0 -72.43742061479297,40.89510529110054,0 -72.43744525605699,40.8950936079037,0 -72.43750951219322,40.89507878702062,0 -72.43758469671889,40.89507554841476,0 -72.43763102472207,40.89505766213198,0 -72.43768620267483,40.89499906859351,0 -72.43768124888939,40.89497020254697,0 -72.43765656496487,40.89493222689563,0 -72.43761841041469,40.89492103014774,0 -72.43757219850727,40.89493256685386,0 -72.437530294333,40.89495758396465,0 -72.43750139679501,40.89497291185562,0 -72.43746217613685,40.89495596532925,0 -72.43739615435221,40.89495442515959,0 -72.43736193848,40.89497067162056,0 -72.43734422471582,40.89502544760425,0 -72.43735286218332,40.89505797412368,0 
					</coordinates>
				</LinearRing>
			</outerBoundaryIs>
		</Polygon>
	</Placemark>
	<Placemark id="018E4E522C403087C11F">
		<name>shinnecock_hills_hole_13_bunker</name>
		<LookAt>
			<longitude>-72.43792944070233</longitude>
			<latitude>40.89486173041805</latitude>
			<altitude>17.93595874555865</altitude>
			<heading>209.9615937616471</heading>
			<tilt>0</tilt>
			<gx:fovy>30</gx:fovy>
			<range>45.98740788129818</range>
			<altitudeMode>absolute</altitudeMode>
		</LookAt>
		<styleUrl>#__managed_style_0B62E1DD0D402FE367CE</styleUrl>
		<Polygon>
			<outerBoundaryIs>
				<LinearRing>
					<coordinates>
						-72.43797665601727,40.89488431242361,0 -72.43800716872576,40.89487191176414,0 -72.43804533798074,40.89486047632813,0 -72.43807106480084,40.89486352789638,0 -72.43808070428321,40.89485683296713,0 -72.43808709595883,40.89484067541662,0 -72.43805913763802,40.89482203072203,0 -72.43798508576907,40.89481494893795,0 -72.43793051439846,40.89480753370296,0 -72.43790873008973,40.89481378682378,0 -72.43790222056894,40.89483017876776,0 -72.43790831576671,40.89487586346072,0 -72.43791880313827,40.89490826375188,0 -72.43793610301178,40.89491896162724,0 -72.43795860510114,40.89490947236739,0 -72.43797665601727,40.89488431242361,0 
					</coordinates>
				</LinearRing>
			</outerBoundaryIs>
		</Polygon>
	</Placemark>
	<Placemark id="01D1A4DFD240308830A8">
		<name>shinnecock_hills_hole_13_bunker</name>
		<LookAt>
			<longitude>-72.43789128459966</longitude>
			<latitude>40.89461385377102</latitude>
			<altitude>18.75943319474791</altitude>
			<heading>209.9615291019089</heading>
			<tilt>0</tilt>
			<gx:fovy>30</gx:fovy>
			<range>49.09111731436498</range>
			<altitudeMode>absolute</altitudeMode>
		</LookAt>
		<styleUrl>#__managed_style_0B62E1DD0D402FE367CE</styleUrl>
		<Polygon>
			<outerBoundaryIs>
				<LinearRing>
					<coordinates>
						-72.43786620130005,40.8945740064395,0 -72.43779580005203,40.89459602415849,0 -72.43777328557186,40.8946048400128,0 -72.4377571547399,40.89462649010882,0 -72.43776427223149,40.89463989095835,0 -72.43776822037006,40.89464902736367,0 -72.43777697512947,40.89465416649432,0 -72.43779297189066,40.89466212380118,0 -72.4378136656552,40.89466442757194,0 -72.43784955872425,40.89465751480215,0 -72.43787890912415,40.89464732618126,0 -72.43790347622253,40.8946350584519,0 -72.43793358520428,40.89462547998323,0 -72.43794412596097,40.89460913225474,0 -72.43793918005437,40.8945846273113,0 -72.43791089000287,40.89457580103213,0 -72.43786620130005,40.8945740064395,0 
					</coordinates>
				</LinearRing>
			</outerBoundaryIs>
		</Polygon>
	</Placemark>
	<Placemark id="07F72C77D54030887BA8">
		<name>shinnecock_hills_hole_13_green</name>
		<LookAt>
			<longitude>-72.43799302054678</longitude>
			<latitude>40.89466907092442</latitude>
			<altitude>19.71911710600416</altitude>
			<heading>-150.038643475005</heading>
			<tilt>0.06070929614205164</tilt>
			<gx:fovy>30</gx:fovy>
			<range>95.36931425443072</range>
			<altitudeMode>absolute</altitudeMode>
		</LookAt>
		<styleUrl>#__managed_style_0B62E1DD0D402FE367CE</styleUrl>
		<Polygon>
			<outerBoundaryIs>
				<LinearRing>
					<coordinates>
						-72.43779136969084,40.89471380685358,0 -72.43780750783777,40.89475358281347,0 -72.43783289432409,40.89478647407542,0 -72.43786714476245,40.89480327236767,0 -72.43791057113521,40.89479142521891,0 -72.43798635647694,40.8947953015942,0 -72.43807668588852,40.89481059039845,0 -72.4381266819689,40.89482901211009,0 -72.43816795826261,40.89481648535862,0 -72.4382110454641,40.89476836252612,0 -72.4382305916471,40.89470363838235,0 -72.43821765296229,40.89465124075026,0 -72.43815841928053,40.89461331145087,0 -72.43804710287678,40.89457943770121,0 -72.43797952029023,40.89458799116575,0 -72.43795450397729,40.89462288615796,0 -72.43793244741352,40.89463711964206,0 -72.43782110315387,40.89466916631945,0 -72.43779295709871,40.89468241977129,0 -72.43779136969084,40.89471380685358,0 
					</coordinates>
				</LinearRing>
			</outerBoundaryIs>
		</Polygon>
	</Placemark>
	<Placemark id="07DE0D0ECA40308970C7">
		<name>shinnecock_hills_hole_13_fairway</name>
		<LookAt>
			<longitude>-72.43667349426154</longitude>
			<latitude>40.89593192240871</latitude>
			<altitude>18.48480323599705</altitude>
			<heading>-150.0381333696179</heading>
			<tilt>0.06070991739314575</tilt>
			<gx:fovy>30</gx:fovy>
			<range>164.9958599287493</range>
			<altitudeMode>absolute</altitudeMode>
		</LookAt>
		<styleUrl>#__managed_style_0B62E1DD0D402FE367CE</styleUrl>
		<Polygon>
			<outerBoundaryIs>
				<LinearRing>
					<coordinates>
						-72.43647306719554,40.89619308727286,0 -72.436559750694,40.89616096856028,0 -72.43663436946478,40.89609823680567,0 -72.43668960210947,40.89604478542257,0 -72.43679327740176,40.89601338094443,0 -72.43681489609507,40.89597564383205,0 -72.43682974723774,40.8958926580725,0 -72.43686381448273,40.89583661079033,0 -72.43694916964431,40.89577280514631,0 -72.43705081162491,40.89566658646692,0 -72.43716326592013,40.89549406136975,0 -72.43727391826266,40.89532544058504,0 -72.43737696665431,40.89518771845494,0 -72.43738672830914,40.89514027415395,0 -72.43735600479548,40.89511199227275,0 -72.43731862400439,40.89507315951858,0 -72.43730936710681,40.89502920987521,0 -72.4373278700638,40.89497962575809,0 -72.43736417428502,40.89494901960488,0 -72.43740991520539,40.89494751155571,0 -72.43750696448471,40.89494248799555,0 -72.43758203630033,40.89491815373147,0 -72.43763387962085,40.89490905752487,0 -72.43766821102382,40.89492256926842,0 -72.43771078027223,40.89499739796058,0 -72.43777631519347,40.89503763534513,0 -72.43786296686113,40.89504881594591,0 -72.4381181778616,40.89501936502056,0 -72.43826744657049,40.89499223860226,0 -72.43840336221571,40.89492971773028,0 -72.43848079481785,40.89483703638742,0 -72.43850979805347,40.89477422232931,0 -72.43849440840431,40.89468612200324,0 -72.43841164499921,40.89459620970135,0 -72.43828243713527,40.89451084409579,0 -72.43808459850138,40.89446750794176,0 -72.43790447660287,40.89447835942827,0 -72.43777460991849,40.89452496063163,0 -72.4375474296919,40.89465148505558,0 -72.43731850345077,40.89479408397139,0 -72.43716855918515,40.89491433668839,0 -72.43706202706319,40.89506484891039,0 -72.43696732255366,40.89518758802249,0 -72.43671769021614,40.89537911810895,0 -72.43648614923188,40.89554365695736,0 -72.4363234244076,40.89570215730299,0 -72.43617366669389,40.895884153519,0 -72.43614261147444,40.89597019542835,0 -72.43615458665211,40.89608787334866,0 -72.43620442672832,40.89617739330926,0 -72.43628823942311,40.8962158447151,0 -72.43641399572452,40.89620541293737,0 -72.43647306719554,40.89619308727286,0 
					</coordinates>
				</LinearRing>
			</outerBoundaryIs>
		</Polygon>
	</Placemark>
	<Placemark id="07284FF7A140308AA5F4">
		<name>shinnecock_hills_hole_14_tee</name>
		<LookAt>
			<longitude>-72.43893649749678</longitude>
			<latitude>40.89494001295759</latitude>
			<altitude>18.09243732807377</altitude>
			<heading>35.90342349181633</heading>
			<tilt>0.06070917680549809</tilt>
			<gx:fovy>30</gx:fovy>
			<range>91.17289400234768</range>
			<altitudeMode>absolute</altitudeMode>
		</LookAt>
		<styleUrl>#__managed_style_0B62E1DD0D402FE367CE</styleUrl>
		<Polygon>
			<outerBoundaryIs>
				<LinearRing>
					<coordinates>
						-72.439002430955,40.89504725661568,0 -72.43903413674848,40.8949915295822,0 -72.4389534646856,40.89496558899609,0 -72.43892102659166,40.89502216096696,0 -72.439002430955,40.89504725661568,0 
					</coordinates>
				</LinearRing>
			</outerBoundaryIs>
		</Polygon>
	</Placemark>
	<Placemark id="07246B069340308ADC59">
		<name>shinnecock_hills_hole_14_tee</name>
		<LookAt>
			<longitude>-72.43902504239861</longitude>
			<latitude>40.89484735312314</latitude>
			<altitude>18.83215470934265</altitude>
			<heading>35.90336552775899</heading>
			<tilt>0.06070916807647445</tilt>
			<gx:fovy>30</gx:fovy>
			<range>90.43318091878065</range>
			<altitudeMode>absolute</altitudeMode>
		</LookAt>
		<styleUrl>#__managed_style_0B62E1DD0D402FE367CE</styleUrl>
		<Polygon>
			<outerBoundaryIs>
				<LinearRing>
					<coordinates>
						-72.43905618949348,40.8949536004706,0 -72.43910023758818,40.89487854362937,0 -72.43902395851008,40.8948520246507,0 -72.43897688789191,40.89492867560379,0 -72.43905618949348,40.8949536004706,0 
					</coordinates>
				</LinearRing>
			</outerBoundaryIs>
		</Polygon>
	</Placemark>
	<Placemark id="0414BBC9DF40308B00CB">
		<name>shinnecock_hills_hole_14_tee</name>
		<LookAt>
			<longitude>-72.43902504239861</longitude>
			<latitude>40.89484735312314</latitude>
			<altitude>18.83215470934265</altitude>
			<heading>35.9033655277687</heading>
			<tilt>0.06070916808247789</tilt>
			<gx:fovy>30</gx:fovy>
			<range>90.43318091878065</range>
			<altitudeMode>absolute</altitudeMode>
		</LookAt>
		<styleUrl>#__managed_style_0B62E1DD0D402FE367CE</styleUrl>
		<Polygon>
			<outerBoundaryIs>
				<LinearRing>
					<coordinates>
						-72.43912611793174,40.89483070424163,0 -72.43915358575033,40.8947848543725,0 -72.4390719951928,40.89475886852534,0 -72.43904574732386,40.89480672675098,0 -72.43912611793174,40.89483070424163,0 
					</coordinates>
				</LinearRing>
			</outerBoundaryIs>
		</Polygon>
	</Placemark>
	<Placemark id="05AC74547640308B2D99">
		<name>shinnecock_hills_hole_14_tee</name>
		<LookAt>
			<longitude>-72.4387589850855</longitude>
			<latitude>40.89540552999114</latitude>
			<altitude>13.85338592361891</altitude>
			<heading>35.87411327201711</heading>
			<tilt>0</tilt>
			<gx:fovy>30</gx:fovy>
			<range>152.4175158217986</range>
			<altitudeMode>absolute</altitudeMode>
		</LookAt>
		<styleUrl>#__managed_style_0B62E1DD0D402FE367CE</styleUrl>
		<Polygon>
			<outerBoundaryIs>
				<LinearRing>
					<coordinates>
						-72.43889906382664,40.89567317856014,0 -72.43893890790294,40.89562249822025,0 -72.43888653067984,40.89560150004239,0 -72.43885120920469,40.89565169814582,0 -72.43889906382664,40.89567317856014,0 
					</coordinates>
				</LinearRing>
			</outerBoundaryIs>
		</Polygon>
	</Placemark>
	<Placemark id="07CD190A4540308B858F">
		<name>shinnecock_hills_hole_14_bunker</name>
		<LookAt>
			<longitude>-72.43813094436369</longitude>
			<latitude>40.89638175619536</latitude>
			<altitude>10.44518919329182</altitude>
			<heading>35.90291277455608</heading>
			<tilt>0.1899842602774676</tilt>
			<gx:fovy>30</gx:fovy>
			<range>37.25865732681086</range>
			<altitudeMode>absolute</altitudeMode>
		</LookAt>
		<styleUrl>#__managed_style_0B62E1DD0D402FE367CE</styleUrl>
		<Polygon>
			<outerBoundaryIs>
				<LinearRing>
					<coordinates>
						-72.4381605960078,40.89637537943866,0 -72.43814447765158,40.89637610370271,0 -72.43813617563292,40.89638537165241,0 -72.4381241269553,40.89639116998319,0 -72.43811487909556,40.89640413476965,0 -72.43810110787417,40.89642125013724,0 -72.43811593744906,40.89643203910838,0 -72.43812921020589,40.89644200552699,0 -72.43815605137662,40.89644124749554,0 -72.43818902151983,40.89643079600373,0 -72.43820598528272,40.89643100712482,0 -72.43822451936794,40.89641429532231,0 -72.43823710069863,40.89638559735315,0 -72.43824609256345,40.89636294940621,0 -72.43823340740495,40.89634498958083,0 -72.43820502017684,40.89633442410151,0 -72.43817913023884,40.89633968940701,0 -72.43816179876679,40.8963512456208,0 -72.4381584273023,40.89636044908607,0 -72.43816205862963,40.89637328144984,0 -72.4381605960078,40.89637537943866,0 
					</coordinates>
				</LinearRing>
			</outerBoundaryIs>
		</Polygon>
	</Placemark>
	<Placemark id="02440496EB40308BD3D0">
		<name>shinnecock_hills_hole_14_bunker</name>
		<LookAt>
			<longitude>-72.43829168291566</longitude>
			<latitude>40.89691902086133</latitude>
			<altitude>6.727168766771364</altitude>
			<heading>35.84074303997655</heading>
			<tilt>0.1899848151578744</tilt>
			<gx:fovy>30</gx:fovy>
			<range>55.94526652983404</range>
			<altitudeMode>absolute</altitudeMode>
		</LookAt>
		<styleUrl>#__managed_style_0B62E1DD0D402FE367CE</styleUrl>
		<Polygon>
			<outerBoundaryIs>
				<LinearRing>
					<coordinates>
						-72.43840315418278,40.89688844929012,0 -72.43838263193115,40.89687823820797,0 -72.43834334789896,40.89687459286566,0 -72.43828745406454,40.89689802637806,0 -72.43823913612569,40.89693393800422,0 -72.43823352317094,40.89695210539413,0 -72.43824547806909,40.89697098299145,0 -72.43828269190773,40.89697561763651,0 -72.4383088886787,40.89696053129881,0 -72.43833937939785,40.89695198024478,0 -72.43836185080788,40.89692726830879,0 -72.43840274451807,40.8969040641188,0 -72.43840315418278,40.89688844929012,0 
					</coordinates>
				</LinearRing>
			</outerBoundaryIs>
		</Polygon>
	</Placemark>
	<Placemark id="0E3AA6142C40308C1950">
		<name>shinnecock_hills_hole_14_bunker</name>
		<LookAt>
			<longitude>-72.43757850066542</longitude>
			<latitude>40.89730462708629</latitude>
			<altitude>7.795324483867063</altitude>
			<heading>35.8413188778169</heading>
			<tilt>0.2510238826059709</tilt>
			<gx:fovy>30</gx:fovy>
			<range>89.20066571762619</range>
			<altitudeMode>absolute</altitudeMode>
		</LookAt>
		<styleUrl>#__managed_style_0B62E1DD0D402FE367CE</styleUrl>
		<Polygon>
			<outerBoundaryIs>
				<LinearRing>
					<coordinates>
						-72.43772980820009,40.89731110770315,0 -72.43776967463069,40.89729304924881,0 -72.43778103392825,40.89726957174851,0 -72.43775762714755,40.89725074010158,0 -72.43772547704974,40.89725269641328,0 -72.43764097225021,40.89728539367471,0 -72.43758679931207,40.89728879123746,0 -72.43754197869079,40.89730019221906,0 -72.43752447113955,40.89732716466536,0 -72.43753482410483,40.89735792512963,0 -72.43756429863484,40.89736678967398,0 -72.43759808536679,40.89735845640444,0 -72.43763595597311,40.89735488294932,0 -72.43765416519294,40.89736431562226,0 -72.43768582556507,40.89735340349628,0 -72.43770202390228,40.89733383641312,0 -72.43772980820009,40.89731110770315,0 
					</coordinates>
				</LinearRing>
			</outerBoundaryIs>
		</Polygon>
	</Placemark>
	<Placemark id="06207A051040308C5060">
		<name>shinnecock_hills_hole_14_bunker</name>
		<LookAt>
			<longitude>-72.43694822149145</longitude>
			<latitude>40.89790865085941</latitude>
			<altitude>10.23858338225041</altitude>
			<heading>35.8107325935918</heading>
			<tilt>0.3794918268663312</tilt>
			<gx:fovy>30</gx:fovy>
			<range>84.03199152759953</range>
			<altitudeMode>absolute</altitudeMode>
		</LookAt>
		<styleUrl>#__managed_style_0B62E1DD0D402FE367CE</styleUrl>
		<Polygon>
			<outerBoundaryIs>
				<LinearRing>
					<coordinates>
						-72.43699307358763,40.89786005339682,0 -72.43697822369481,40.89787274289157,0 -72.43697218388075,40.89789718465185,0 -72.43698301680851,40.89791796317834,0 -72.43702349168154,40.89792926972081,0 -72.43707512862724,40.8979189505427,0 -72.43710615364206,40.89787670010612,0 -72.43709674908767,40.89784961431412,0 -72.43706292352174,40.89783536772114,0 -72.43702597562866,40.89784413553503,0 -72.43699307358763,40.89786005339682,0 
					</coordinates>
				</LinearRing>
			</outerBoundaryIs>
		</Polygon>
	</Placemark>
	<Placemark id="05E2B6C99B40308C8720">
		<name>shinnecock_hills_hole_14_bunker</name>
		<LookAt>
			<longitude>-72.43694822149145</longitude>
			<latitude>40.89790865085941</latitude>
			<altitude>10.23858338225041</altitude>
			<heading>35.81073259359492</heading>
			<tilt>0.3794918268452022</tilt>
			<gx:fovy>30</gx:fovy>
			<range>84.03199152759953</range>
			<altitudeMode>absolute</altitudeMode>
		</LookAt>
		<styleUrl>#__managed_style_0B62E1DD0D402FE367CE</styleUrl>
		<Polygon>
			<outerBoundaryIs>
				<LinearRing>
					<coordinates>
						-72.43698124000828,40.89792875085749,0 -72.43696028422684,40.89792071883075,0 -72.4369391716498,40.89793100828696,0 -72.4368778877256,40.89796738253732,0 -72.4368655977952,40.89799563000393,0 -72.4368877119721,40.89801482695756,0 -72.43693279474746,40.89801507783342,0 -72.43697612357612,40.89798686902841,0 -72.43699704895053,40.89794920263871,0 -72.43698124000828,40.89792875085749,0 
					</coordinates>
				</LinearRing>
			</outerBoundaryIs>
		</Polygon>
	</Placemark>
	<Placemark id="0145CC145B40308CB294">
		<name>shinnecock_hills_hole_14_bunker</name>
		<LookAt>
			<longitude>-72.43692709362627</longitude>
			<latitude>40.89800629143475</latitude>
			<altitude>10.40475847133245</altitude>
			<heading>35.74857652736877</heading>
			<tilt>0.4437688824150575</tilt>
			<gx:fovy>30</gx:fovy>
			<range>83.85566214607026</range>
			<altitudeMode>absolute</altitudeMode>
		</LookAt>
		<styleUrl>#__managed_style_0B62E1DD0D402FE367CE</styleUrl>
		<Polygon>
			<outerBoundaryIs>
				<LinearRing>
					<coordinates>
						-72.43699402863243,40.89812381558026,0 -72.43705311975906,40.89805740802336,0 -72.43703565128176,40.89802632493351,0 -72.43699816896832,40.89800458717991,0 -72.43695783868829,40.89801896955137,0 -72.43693803636103,40.89806802511139,0 -72.43693757129034,40.89810929736926,0 -72.43696071841798,40.89812493614402,0 -72.43699402863243,40.89812381558026,0 
					</coordinates>
				</LinearRing>
			</outerBoundaryIs>
		</Polygon>
	</Placemark>
	<Placemark id="00FF535AF540308D0CA4">
		<name>shinnecock_hills_hole_14_bunker</name>
		<LookAt>
			<longitude>-72.43677119862998</longitude>
			<latitude>40.89792478980381</latitude>
			<altitude>10.28336629122725</altitude>
			<heading>35.78153982642296</heading>
			<tilt>0.3204452790353279</tilt>
			<gx:fovy>30</gx:fovy>
			<range>83.98031706982692</range>
			<altitudeMode>absolute</altitudeMode>
		</LookAt>
		<styleUrl>#__managed_style_0B62E1DD0D402FE367CE</styleUrl>
		<Polygon>
			<outerBoundaryIs>
				<LinearRing>
					<coordinates>
						-72.43662142477476,40.89784645663875,0 -72.43660494119092,40.89786200652716,0 -72.43659224621923,40.89788343312722,0 -72.43661356971626,40.89789842187898,0 -72.43666116194348,40.89790698894171,0 -72.43669132247048,40.8979029986597,0 -72.4367248050882,40.89790211622913,0 -72.4367590605992,40.89787769849995,0 -72.43675428680625,40.89784490257456,0 -72.43673153194706,40.89782902849296,0 -72.43670264164862,40.89782857785929,0 -72.43666850915257,40.897852349865,0 -72.43664400856032,40.89785370371968,0 -72.43662142477476,40.89784645663875,0 
					</coordinates>
				</LinearRing>
			</outerBoundaryIs>
		</Polygon>
	</Placemark>
	<Placemark id="096EE292BD40308D5983">
		<name>shinnecock_hills_hole_14_green</name>
		<LookAt>
			<longitude>-72.4366088428184</longitude>
			<latitude>40.89808469507256</latitude>
			<altitude>10.47034094156483</altitude>
			<heading>35.78169272307853</heading>
			<tilt>0.3204465809238986</tilt>
			<gx:fovy>30</gx:fovy>
			<range>109.8920561436717</range>
			<altitudeMode>absolute</altitudeMode>
		</LookAt>
		<styleUrl>#__managed_style_0B62E1DD0D402FE367CE</styleUrl>
		<Polygon>
			<outerBoundaryIs>
				<LinearRing>
					<coordinates>
						-72.43683452204542,40.89799205591203,0 -72.4368040312128,40.89796008929189,0 -72.4367301853308,40.89792861440988,0 -72.43663604065787,40.89791737054027,0 -72.43656073875552,40.89792256225607,0 -72.43647169039599,40.89798461260633,0 -72.43645637258106,40.89803424473124,0 -72.43647821625331,40.89809875909496,0 -72.43655446080055,40.89815917724871,0 -72.43665071767241,40.89818677136549,0 -72.43672822434382,40.89817654304716,0 -72.43681900446873,40.89810201801737,0 -72.43685461529945,40.89803364371365,0 -72.43683452204542,40.89799205591203,0 
					</coordinates>
				</LinearRing>
			</outerBoundaryIs>
		</Polygon>
	</Placemark>
	<Placemark id="07CAF73D9040308EBC19">
		<name>shinnecock_hills_hole_14_fairway</name>
		<LookAt>
			<longitude>-72.43691788097851</longitude>
			<latitude>40.89798481345173</latitude>
			<altitude>10.10650070278367</altitude>
			<heading>39.97616135621281</heading>
			<tilt>0.1261565632837568</tilt>
			<gx:fovy>30</gx:fovy>
			<range>65.2977755354914</range>
			<altitudeMode>absolute</altitudeMode>
		</LookAt>
		<styleUrl>#__managed_style_0B62E1DD0D402FE367CE</styleUrl>
		<Polygon>
			<outerBoundaryIs>
				<LinearRing>
					<coordinates>
						-72.43688875195819,40.8980642585389,0 -72.43688967495387,40.89803953537919,0 -72.43687988177469,40.89801843335117,0 -72.43685855378696,40.89798921263796,0 -72.43687161152681,40.89796410898047,0 -72.43692809313596,40.89793228838445,0 -72.43695824401478,40.89790380048478,0 -72.43696361977005,40.89786821391102,0 -72.43701685185843,40.8978362555123,0 -72.43712090279712,40.8978028981908,0 -72.4371553306212,40.89777408734552,0 -72.4372208435498,40.89768770148342,0 -72.4373943362736,40.89753639453964,0 -72.43749482460224,40.89743710122584,0 -72.43751496709498,40.89738629386814,0 -72.43750388637953,40.89734694122541,0 -72.43751947930892,40.89730896673577,0 -72.43756008731349,40.89728549040953,0 -72.43767516935307,40.89725990809035,0 -72.4377571737936,40.89723794779076,0 -72.4378208964373,40.89725007093926,0 -72.43790466904647,40.89724039309159,0 -72.43799707926701,40.89719134102774,0 -72.4381365517054,40.89708776306397,0 -72.43821798343232,40.89701886956965,0 -72.43821887370548,40.89698255167962,0 -72.43821626182522,40.89693370279183,0 -72.43828926235433,40.89688142465322,0 -72.43836701466013,40.89686286570061,0 -72.4384499656844,40.8968550111689,0 -72.43850819765034,40.89680305340255,0 -72.43856687343836,40.89662857831929,0 -72.43862232764252,40.89635075508509,0 -72.43859596680286,40.89628856225664,0 -72.43852064032129,40.89619457090351,0 -72.43844323243931,40.89613708138096,0 -72.43833381777593,40.89611583616264,0 -72.43827392496222,40.89614151193821,0 -72.43822881044682,40.89619518242983,0 -72.43821017353939,40.89625183333644,0 -72.43822491761375,40.89629993027872,0 -72.43826410977837,40.89635267946733,0 -72.43826501454747,40.89638725920845,0 -72.43823135915545,40.8964341293369,0 -72.43817823128556,40.8964634190004,0 -72.43808584184565,40.89647895924512,0 -72.4380223054355,40.89651020698654,0 -72.43794743809092,40.89658686803228,0 -72.43766404246225,40.89685506636601,0 -72.43738498534654,40.89710321669114,0 -72.43734024678278,40.89716258074346,0 -72.43727652597546,40.89724412066617,0 -72.43721016061517,40.89736113667605,0 -72.43713517268603,40.8974667660857,0 -72.437102413877,40.8975069350104,0 -72.43701199939446,40.89758332194208,0 -72.43684472124262,40.8977133460282,0 -72.43676044601152,40.8977802892776,0 -72.43675131201888,40.89780803967974,0 -72.43675884147839,40.89784315800278,0 -72.43676974401946,40.89788464938096,0 -72.43674284318377,40.89790812244384,0 -72.43666683384289,40.89791482083118,0 -72.43658561396565,40.89789770676302,0 -72.43651227931011,40.89790071946253,0 -72.43643354580831,40.89797625834327,0 -72.43638400186396,40.89807677868115,0 -72.43639410850264,40.89819957355444,0 -72.43644275480592,40.89823852194995,0 -72.43655260857415,40.89824871426069,0 -72.43670594466359,40.89824146296244,0 -72.43681752395858,40.89816958736414,0 -72.43688502785919,40.8980785304606,0 -72.43688875195819,40.8980642585389,0 
					</coordinates>
				</LinearRing>
			</outerBoundaryIs>
		</Polygon>
	</Placemark>
	<Placemark id="012FAB138940308F2D2C">
		<name>shinnecock_hills_hole_15_tee</name>
		<LookAt>
			<longitude>-72.43545343842898</longitude>
			<latitude>40.89808745635221</latitude>
			<altitude>20.21521166920083</altitude>
			<heading>-55.98661544016276</heading>
			<tilt>0.1261568192855428</tilt>
			<gx:fovy>30</gx:fovy>
			<range>78.56757696414206</range>
			<altitudeMode>absolute</altitudeMode>
		</LookAt>
		<styleUrl>#__managed_style_0B62E1DD0D402FE367CE</styleUrl>
		<Polygon>
			<outerBoundaryIs>
				<LinearRing>
					<coordinates>
						-72.43561051233893,40.89804802243594,0 -72.43541966953231,40.89795099287266,0 -72.43537592321758,40.89800243032434,0 -72.43556756122034,40.89810117629153,0 -72.43561051233893,40.89804802243594,0 
					</coordinates>
				</LinearRing>
			</outerBoundaryIs>
		</Polygon>
	</Placemark>
	<Placemark id="095A6BBF5340308F59E9">
		<name>shinnecock_hills_hole_15_tee</name>
		<LookAt>
			<longitude>-72.43591503188773</longitude>
			<latitude>40.89827539701777</latitude>
			<altitude>13.45724738749262</altitude>
			<heading>-55.98691765406717</heading>
			<tilt>0.1261569518002736</tilt>
			<gx:fovy>30</gx:fovy>
			<range>85.32555073106778</range>
			<altitudeMode>absolute</altitudeMode>
		</LookAt>
		<styleUrl>#__managed_style_0B62E1DD0D402FE367CE</styleUrl>
		<Polygon>
			<outerBoundaryIs>
				<LinearRing>
					<coordinates>
						-72.43598472174864,40.89822622441652,0 -72.43588261432447,40.89817264378231,0 -72.43583651832452,40.8982227300324,0 -72.43594165104753,40.89827630998897,0 -72.43598472174864,40.89822622441652,0 
					</coordinates>
				</LinearRing>
			</outerBoundaryIs>
		</Polygon>
	</Placemark>
	<Placemark id="036524731940308F83B6">
		<name>shinnecock_hills_hole_15_tee</name>
		<LookAt>
			<longitude>-72.43684303958628</longitude>
			<latitude>40.89845940229426</latitude>
			<altitude>11.40601014375943</altitude>
			<heading>-55.98760219950059</heading>
			<tilt>0.1261569916566467</tilt>
			<gx:fovy>30</gx:fovy>
			<range>87.47282204055409</range>
			<altitudeMode>absolute</altitudeMode>
		</LookAt>
		<styleUrl>#__managed_style_0B62E1DD0D402FE367CE</styleUrl>
		<Polygon>
			<outerBoundaryIs>
				<LinearRing>
					<coordinates>
						-72.43683342758108,40.89838944426719,0 -72.43678342114936,40.89833974204784,0 -72.43674050228896,40.89836257480219,0 -72.43679525631923,40.89841505136432,0 -72.43683342758108,40.89838944426719,0 
					</coordinates>
				</LinearRing>
			</outerBoundaryIs>
		</Polygon>
	</Placemark>
	<Placemark id="0F4F9D248640308FCC23">
		<name>shinnecock_hills_hole_15_bunker</name>
		<LookAt>
			<longitude>-72.43739848696421</longitude>
			<latitude>40.89872500800803</latitude>
			<altitude>8.169431099102715</altitude>
			<heading>-56.02162856332143</heading>
			<tilt>0.1261566459695044</tilt>
			<gx:fovy>30</gx:fovy>
			<range>70.25572478653885</range>
			<altitudeMode>absolute</altitudeMode>
		</LookAt>
		<styleUrl>#__managed_style_0B62E1DD0D402FE367CE</styleUrl>
		<Polygon>
			<outerBoundaryIs>
				<LinearRing>
					<coordinates>
						-72.43744075556828,40.89867207461997,0 -72.43740270905703,40.89863215853185,0 -72.43736691309142,40.89859506513373,0 -72.43731733857797,40.89857892627824,0 -72.4373104665739,40.89855321953543,0 -72.4372735802158,40.89854097076181,0 -72.4371968501668,40.8985493541603,0 -72.43718357744699,40.89857162984016,0 -72.43717865197561,40.89861783590645,0 -72.43721955009963,40.89864097894883,0 -72.437264050208,40.89866061825512,0 -72.43729313271601,40.89868660891131,0 -72.43731396421448,40.89870891958877,0 -72.4373765844622,40.89873266564738,0 -72.43741787497669,40.89872350603383,0 -72.4374375085016,40.89869906696063,0 -72.43744075556828,40.89867207461997,0 
					</coordinates>
				</LinearRing>
			</outerBoundaryIs>
		</Polygon>
	</Placemark>
	<Placemark id="0B5477A5CD4030901D63">
		<name>shinnecock_hills_hole_15_bunker</name>
		<LookAt>
			<longitude>-72.43717111709606</longitude>
			<latitude>40.89906395645809</latitude>
			<altitude>7.307364550721478</altitude>
			<heading>-56.05511933450076</heading>
			<tilt>0.06712935191188218</tilt>
			<gx:fovy>30</gx:fovy>
			<range>65.80666870143432</range>
			<altitudeMode>absolute</altitudeMode>
		</LookAt>
		<styleUrl>#__managed_style_0B62E1DD0D402FE367CE</styleUrl>
		<Polygon>
			<outerBoundaryIs>
				<LinearRing>
					<coordinates>
						-72.43712479979827,40.89905826268624,0 -72.43712206801705,40.89904595023562,0 -72.43709424924036,40.89902928044366,0 -72.43706727030317,40.89902366959778,0 -72.43704606387146,40.89903638944654,0 -72.43702710343395,40.89906253320641,0 -72.43702466126092,40.89909131098548,0 -72.43702903449997,40.89911054158053,0 -72.43705065669559,40.89911888714359,0 -72.43708017796624,40.89911768316401,0 -72.43709441275024,40.89910093838027,0 -72.43709250420127,40.89907943596798,0 -72.43711678516055,40.89906982034527,0 -72.43712479979827,40.89905826268624,0 
					</coordinates>
				</LinearRing>
			</outerBoundaryIs>
		</Polygon>
	</Placemark>
	<Placemark id="0C2534C4414030905A94">
		<name>shinnecock_hills_hole_15_bunker</name>
		<LookAt>
			<longitude>-72.43704832570704</longitude>
			<latitude>40.89915007200638</latitude>
			<altitude>5.532628371663053</altitude>
			<heading>303.9751454143833</heading>
			<tilt>0</tilt>
			<gx:fovy>30</gx:fovy>
			<range>38.89361098004883</range>
			<altitudeMode>absolute</altitudeMode>
		</LookAt>
		<styleUrl>#__managed_style_0B62E1DD0D402FE367CE</styleUrl>
		<Polygon>
			<outerBoundaryIs>
				<LinearRing>
					<coordinates>
						-72.43709054700453,40.89914819011278,0 -72.43702562562559,40.89913119015242,0 -72.43700583716503,40.89914612154242,0 -72.43699587645958,40.89914533479584,0 -72.43699884550753,40.89912929912928,0 -72.43698656875631,40.89912701345755,0 -72.43697640667034,40.89913697040588,0 -72.43697613293392,40.89915790470767,0 -72.43698768576729,40.899171987678,0 -72.43700193152416,40.89917540150816,0 -72.43704199829941,40.89919990243837,0 -72.43706527899276,40.89920313854181,0 -72.43709162101528,40.89919632835148,0 -72.43711407378284,40.8991790330568,0 -72.43710334048441,40.89915976625432,0 -72.43709054700453,40.89914819011278,0 
					</coordinates>
				</LinearRing>
			</outerBoundaryIs>
		</Polygon>
	</Placemark>
	<Placemark id="0718C4356F4030909F48">
		<name>shinnecock_hills_hole_15_bunker</name>
		<LookAt>
			<longitude>-72.43722986907134</longitude>
			<latitude>40.8991609751881</latitude>
			<altitude>6.950575114779546</altitude>
			<heading>-56.08713609641601</heading>
			<tilt>0.1924078699593094</tilt>
			<gx:fovy>30</gx:fovy>
			<range>52.43268396366147</range>
			<altitudeMode>absolute</altitudeMode>
		</LookAt>
		<styleUrl>#__managed_style_0B62E1DD0D402FE367CE</styleUrl>
		<Polygon>
			<outerBoundaryIs>
				<LinearRing>
					<coordinates>
						-72.43732374384307,40.89913311399466,0 -72.43730949595249,40.89911929374431,0 -72.43726922573858,40.89908963122509,0 -72.43723400045137,40.89907720110868,0 -72.43718101052403,40.8990658279614,0 -72.43716932858524,40.89907480260298,0 -72.43715026087929,40.89909652635192,0 -72.43714610939433,40.89911655177623,0 -72.43715989359016,40.89914078864106,0 -72.43718634611426,40.89915876430586,0 -72.43722259029249,40.89916370129105,0 -72.43726116531113,40.89919132699602,0 -72.43727759232483,40.89919685704971,0 -72.43731884013,40.89919181963584,0 -72.43733609072916,40.89916812204162,0 -72.43732849804867,40.89915624059833,0 -72.43733332415448,40.899142071039,0 -72.43732374384307,40.89913311399466,0 
					</coordinates>
				</LinearRing>
			</outerBoundaryIs>
		</Polygon>
	</Placemark>
	<Placemark id="0597576A5B403090DAFC">
		<name>shinnecock_hills_hole_15_bunker</name>
		<LookAt>
			<longitude>-72.4385295631282</longitude>
			<latitude>40.9000981582051</latitude>
			<altitude>3.978128817166775</altitude>
			<heading>-56.08801255063496</heading>
			<tilt>0.1924087803920028</tilt>
			<gx:fovy>30</gx:fovy>
			<range>82.62022656739647</range>
			<altitudeMode>absolute</altitudeMode>
		</LookAt>
		<styleUrl>#__managed_style_0B62E1DD0D402FE367CE</styleUrl>
		<Polygon>
			<outerBoundaryIs>
				<LinearRing>
					<coordinates>
						-72.43853936923422,40.89994893274341,0 -72.43854679421943,40.89998458079116,0 -72.43855731562275,40.90000542999154,0 -72.43862515180297,40.90001082915732,0 -72.43865209696929,40.90000716429759,0 -72.43865462535021,40.89997647526699,0 -72.43864769800727,40.89994577474416,0 -72.43860297580919,40.89992264296555,0 -72.4385596584974,40.89992546481347,0 -72.43853936923422,40.89994893274341,0 
					</coordinates>
				</LinearRing>
			</outerBoundaryIs>
		</Polygon>
	</Placemark>
	<Placemark id="0E526118EA40309183E7">
		<name>shinnecock_hills_hole_15_bunker</name>
		<LookAt>
			<longitude>-72.43853399768558</longitude>
			<latitude>40.90012657946682</latitude>
			<altitude>4.42936441423011</altitude>
			<heading>-56.1173241195081</heading>
			<tilt>0.1924087656871383</tilt>
			<gx:fovy>30</gx:fovy>
			<range>82.16898767986095</range>
			<altitudeMode>absolute</altitudeMode>
		</LookAt>
		<styleUrl>#__managed_style_0B62E1DD0D402FE367CE</styleUrl>
		<Polygon>
			<outerBoundaryIs>
				<LinearRing>
					<coordinates>
						-72.43863177946314,40.90001933054992,0 -72.43857410191319,40.90001718559294,0 -72.43854670252227,40.90004239764034,0 -72.43853703037358,40.90008929231721,0 -72.43855549524284,40.90011457166543,0 -72.43860134297036,40.9001222560459,0 -72.43864727746184,40.9001256067674,0 -72.4386690670834,40.90010529872981,0 -72.43867804855769,40.90007108045867,0 -72.43866561235646,40.9000433588858,0 -72.43865129248184,40.90002993272078,0 -72.43863177946314,40.90001933054992,0 
					</coordinates>
				</LinearRing>
			</outerBoundaryIs>
		</Polygon>
	</Placemark>
	<Placemark id="0DFF181189403091C6D4">
		<name>shinnecock_hills_hole_15_bunker</name>
		<LookAt>
			<longitude>-72.43847360174409</longitude>
			<latitude>40.90004281946881</latitude>
			<altitude>3.49793795760893</altitude>
			<heading>-56.08886730614572</heading>
			<tilt>0.2531235611874114</tilt>
			<gx:fovy>30</gx:fovy>
			<range>60.43389257144554</range>
			<altitudeMode>absolute</altitudeMode>
		</LookAt>
		<styleUrl>#__managed_style_0B62E1DD0D402FE367CE</styleUrl>
		<Polygon>
			<outerBoundaryIs>
				<LinearRing>
					<coordinates>
						-72.43848087807496,40.89990794532014,0 -72.4384523955015,40.89989886260348,0 -72.43841325372274,40.89990697855153,0 -72.43839196686304,40.89993507923987,0 -72.43836562282399,40.8999771418332,0 -72.4383659793673,40.90000226026773,0 -72.43838845342577,40.90002409145006,0 -72.43841655904394,40.90003777453625,0 -72.43844208464439,40.90004827562164,0 -72.43847417351967,40.90004413332419,0 -72.43850272879858,40.90002707635865,0 -72.43850250621142,40.89999878198967,0 -72.43848326568788,40.89996901798414,0 -72.4384929052155,40.89994523442663,0 -72.43849433867693,40.89992011377654,0 -72.43848087807496,40.89990794532014,0 
					</coordinates>
				</LinearRing>
			</outerBoundaryIs>
		</Polygon>
	</Placemark>
	<Placemark id="02B32DAE02403091FD48">
		<name>shinnecock_hills_hole_15_bunker</name>
		<LookAt>
			<longitude>-72.43843412982015</longitude>
			<latitude>40.9001002950415</latitude>
			<altitude>3.635764913093558</altitude>
			<heading>-56.15101135941916</heading>
			<tilt>0.2531235553544838</tilt>
			<gx:fovy>30</gx:fovy>
			<range>60.29606118245283</range>
			<altitudeMode>absolute</altitudeMode>
		</LookAt>
		<styleUrl>#__managed_style_0B62E1DD0D402FE367CE</styleUrl>
		<Polygon>
			<outerBoundaryIs>
				<LinearRing>
					<coordinates>
						-72.43848674180697,40.90012868748236,0 -72.43848094687705,40.9001092747602,0 -72.438448679194,40.90009134450455,0 -72.43840818353294,40.90009492011055,0 -72.43838747166366,40.90011624120744,0 -72.43838023415935,40.90014229417338,0 -72.43838972243587,40.90016651204819,0 -72.4384086296507,40.90017853447416,0 -72.43843121265638,40.90017714810114,0 -72.43845023276067,40.90016020278057,0 -72.43847414364076,40.90014446623195,0 -72.43848674180697,40.90012868748236,0 
					</coordinates>
				</LinearRing>
			</outerBoundaryIs>
		</Polygon>
	</Placemark>
	<Placemark id="004261658D4030923838">
		<name>shinnecock_hills_hole_15_bunker</name>
		<LookAt>
			<longitude>-72.43848233226868</longitude>
			<latitude>40.90022734689796</latitude>
			<altitude>4.890897181814282</altitude>
			<heading>-56.1510524379156</heading>
			<tilt>0.2531230115439079</tilt>
			<gx:fovy>30</gx:fovy>
			<range>46.62304774934001</range>
			<altitudeMode>absolute</altitudeMode>
		</LookAt>
		<styleUrl>#__managed_style_0B62E1DD0D402FE367CE</styleUrl>
		<Polygon>
			<outerBoundaryIs>
				<LinearRing>
					<coordinates>
						-72.43847396651805,40.90030036615902,0 -72.43847207411487,40.90028312542017,0 -72.43845067099554,40.90025416768935,0 -72.43843909319337,40.9002447301864,0 -72.43841790357192,40.90024398001915,0 -72.43839516806443,40.90025562449337,0 -72.43839039897246,40.90026664289236,0 -72.43840533976552,40.90028766638132,0 -72.43843412971692,40.90030827045359,0 -72.43845050748104,40.90031377462633,0 -72.43846350420732,40.90030883594882,0 -72.43847396651805,40.90030036615902,0 
					</coordinates>
				</LinearRing>
			</outerBoundaryIs>
		</Polygon>
	</Placemark>
	<Placemark id="092B86770F40309270E6">
		<name>shinnecock_hills_hole_15_bunker</name>
		<LookAt>
			<longitude>-72.43875172208759</longitude>
			<latitude>40.90017427970326</latitude>
			<altitude>3.521158293496816</altitude>
			<heading>-56.18051496076665</heading>
			<tilt>0.3138880668619444</tilt>
			<gx:fovy>30</gx:fovy>
			<range>51.47727434605258</range>
			<altitudeMode>absolute</altitudeMode>
		</LookAt>
		<styleUrl>#__managed_style_0B62E1DD0D402FE367CE</styleUrl>
		<Polygon>
			<outerBoundaryIs>
				<LinearRing>
					<coordinates>
						-72.43877725526691,40.9002166885827,0 -72.43880747091139,40.90019723104254,0 -72.43881422460565,40.90016738253731,0 -72.43879261843206,40.90012301929654,0 -72.4387589424352,40.90009404747249,0 -72.43873407962468,40.90008845818234,0 -72.43871362289052,40.90011116141262,0 -72.43869987535986,40.90014355448958,0 -72.438704493133,40.90016127936928,0 -72.43873667878688,40.90019159418436,0 -72.43875893623959,40.90020916066593,0 -72.43877725526691,40.9002166885827,0 
					</coordinates>
				</LinearRing>
			</outerBoundaryIs>
		</Polygon>
	</Placemark>
	<Placemark id="0532D2D05A403092BE59">
		<name>shinnecock_hills_hole_15_green</name>
		<LookAt>
			<longitude>-72.4386645184089</longitude>
			<latitude>40.90025772622656</latitude>
			<altitude>4.952516708365302</altitude>
			<heading>-56.20970808372208</heading>
			<tilt>0.3747326959792994</tilt>
			<gx:fovy>30</gx:fovy>
			<range>100.7855541776189</range>
			<altitudeMode>absolute</altitudeMode>
		</LookAt>
		<styleUrl>#__managed_style_0B62E1DD0D402FE367CE</styleUrl>
		<Polygon>
			<outerBoundaryIs>
				<LinearRing>
					<coordinates>
						-72.43864742885071,40.90013988872586,0 -72.43861543374889,40.9001386776276,0 -72.43854648676979,40.90012917506274,0 -72.4384900281016,40.90015145708142,0 -72.43843495375984,40.9001911483168,0 -72.4384316562174,40.90021789421954,0 -72.43845336695627,40.90024267079564,0 -72.43848750020044,40.90028547619111,0 -72.43848440440352,40.90032549782412,0 -72.43850875058898,40.90035226345932,0 -72.43857956053309,40.90038195652629,0 -72.43866898449149,40.90038227073556,0 -72.43873213837919,40.90034885077576,0 -72.43878532702574,40.90029229049264,0 -72.43880200231112,40.90023897439895,0 -72.43877150427276,40.90022802491502,0 -72.4387359037365,40.90021593429736,0 -72.43870276419231,40.90017951964391,0 -72.43867203334848,40.90015183217865,0 -72.43864742885071,40.90013988872586,0 
					</coordinates>
				</LinearRing>
			</outerBoundaryIs>
		</Polygon>
	</Placemark>
	<Placemark id="04D8ED190D403093D827">
		<name>shinnecock_hills_hole_15_fairway</name>
		<LookAt>
			<longitude>-72.43894868740087</longitude>
			<latitude>40.90019630171205</latitude>
			<altitude>4.398935532304041</altitude>
			<heading>-56.2097564257852</heading>
			<tilt>0.3747341276605715</tilt>
			<gx:fovy>30</gx:fovy>
			<range>125.2028074391455</range>
			<altitudeMode>absolute</altitudeMode>
		</LookAt>
		<styleUrl>#__managed_style_0B62E1DD0D402FE367CE</styleUrl>
		<Polygon>
			<outerBoundaryIs>
				<LinearRing>
					<coordinates>
						-72.43884417330813,40.90018675955773,0 -72.43881136661648,40.90020927514894,0 -72.43877892264088,40.90022512801188,0 -72.4387376606679,40.90020164605446,0 -72.43869633517198,40.90015842473888,0 -72.43865969404507,40.90013652086699,0 -72.43861051919416,40.90013107374552,0 -72.43855438660296,40.90011961459548,0 -72.43853192788318,40.90010368473936,0 -72.43853016031464,40.90007654773408,0 -72.43853982514037,40.90004607269241,0 -72.43852815121926,40.90002794660504,0 -72.43851177223742,40.90003035446149,0 -72.43847547455812,40.90005282660385,0 -72.43842799974752,40.90006020157962,0 -72.43836950471679,40.90002708554984,0 -72.4383616227238,40.89997425411324,0 -72.43839852551238,40.89987081579106,0 -72.43836486728972,40.8996699766625,0 -72.43825858024282,40.89934185330959,0 -72.43811143467661,40.89909419342315,0 -72.43785716526878,40.89889470376304,0 -72.43763321021339,40.89876293569633,0 -72.43751843758446,40.898724789497,0 -72.43744935688858,40.89872795561737,0 -72.43738657513082,40.89874936857051,0 -72.43732188336112,40.89873306365222,0 -72.43705306710338,40.89855432434413,0 -72.4368940254089,40.89846860055516,0 -72.43680024456008,40.898449589195,0 -72.43669096421291,40.89847264685247,0 -72.43660627538242,40.89853514160904,0 -72.43657913951976,40.89865011596024,0 -72.43662454004847,40.89875942911871,0 -72.43673031210699,40.89886678519721,0 -72.43698645155831,40.89900014629305,0 -72.43707135765852,40.89900889689644,0 -72.4371628667967,40.89904065091501,0 -72.43732314527225,40.89909553609926,0 -72.43744969133132,40.89919529685041,0 -72.43775907727036,40.8994149887829,0 -72.43796031530042,40.89963473229604,0 -72.43806268254031,40.89990623662245,0 -72.43812593690363,40.90015589527862,0 -72.43820996087742,40.90030210598167,0 -72.43836020635676,40.90042879320662,0 -72.4385105498622,40.9004931831521,0 -72.43867294587626,40.90050861903219,0 -72.43878640072779,40.90046354119998,0 -72.43891507609597,40.90036838513655,0 -72.43896840605642,40.90035315637643,0 -72.43900388480994,40.90025562351415,0 -72.43899368426592,40.90014723694477,0 -72.43884417330813,40.90018675955773,0 
					</coordinates>
				</LinearRing>
			</outerBoundaryIs>
		</Polygon>
	</Placemark>
	<Placemark id="03C798957A403094D839">
		<name>shinnecock_hills_hole_16_tee</name>
		<LookAt>
			<longitude>-72.43925568010256</longitude>
			<latitude>40.90015911045172</latitude>
			<altitude>4.663579954844401</altitude>
			<heading>-162.3956968138316</heading>
			<tilt>0.3747348020799867</tilt>
			<gx:fovy>30</gx:fovy>
			<range>136.7099987916845</range>
			<altitudeMode>absolute</altitudeMode>
		</LookAt>
		<styleUrl>#__managed_style_0B62E1DD0D402FE367CE</styleUrl>
		<Polygon>
			<outerBoundaryIs>
				<LinearRing>
					<coordinates>
						-72.43929453297704,40.90008250509948,0 -72.43929439646787,40.9001764368486,0 -72.43936043287694,40.90017360997572,0 -72.43935900534724,40.90007850587569,0 -72.43929453297704,40.90008250509948,0 
					</coordinates>
				</LinearRing>
			</outerBoundaryIs>
		</Polygon>
	</Placemark>
	<Placemark id="03C5FB628A40309524B0">
		<name>shinnecock_hills_hole_16_tee</name>
		<LookAt>
			<longitude>-72.4390805467345</longitude>
			<latitude>40.90066883300248</latitude>
			<altitude>5.125085893621697</altitude>
			<heading>-162.395582149209</heading>
			<tilt>0.3747347741760726</tilt>
			<gx:fovy>30</gx:fovy>
			<range>136.2484748444331</range>
			<altitudeMode>absolute</altitudeMode>
		</LookAt>
		<styleUrl>#__managed_style_0B62E1DD0D402FE367CE</styleUrl>
		<Polygon>
			<outerBoundaryIs>
				<LinearRing>
					<coordinates>
						-72.43894785194993,40.90069765150409,0 -72.43892948226973,40.90080788934912,0 -72.43899719848785,40.90082035773521,0 -72.43901875597638,40.90070352763883,0 -72.43894785194993,40.90069765150409,0 
					</coordinates>
				</LinearRing>
			</outerBoundaryIs>
		</Polygon>
	</Placemark>
	<Placemark id="0FFD32A1C74030954C03">
		<name>shinnecock_hills_hole_16_tee</name>
		<LookAt>
			<longitude>-72.43913377723307</longitude>
			<latitude>40.90060891903006</latitude>
			<altitude>5.125075531322178</altitude>
			<heading>-162.3956169984701</heading>
			<tilt>0.3747347738755389</tilt>
			<gx:fovy>30</gx:fovy>
			<range>136.2485096108321</range>
			<altitudeMode>absolute</altitudeMode>
		</LookAt>
		<styleUrl>#__managed_style_0B62E1DD0D402FE367CE</styleUrl>
		<Polygon>
			<outerBoundaryIs>
				<LinearRing>
					<coordinates>
						-72.43910456776649,40.90047024886164,0 -72.43906018951543,40.9006721660834,0 -72.4391444338423,40.90067767791145,0 -72.43917380554247,40.9004726045446,0 -72.43910456776649,40.90047024886164,0 
					</coordinates>
				</LinearRing>
			</outerBoundaryIs>
		</Polygon>
	</Placemark>
	<Placemark id="002ADB90BA4030959943">
		<name>shinnecock_hills_hole_16_bunker</name>
		<LookAt>
			<longitude>-72.43916939884737</longitude>
			<latitude>40.89940473724406</latitude>
			<altitude>4.42557024659058</altitude>
			<heading>-162.3915236969854</heading>
			<tilt>0.4315721863357684</tilt>
			<gx:fovy>30</gx:fovy>
			<range>80.71541612481269</range>
			<altitudeMode>absolute</altitudeMode>
		</LookAt>
		<styleUrl>#__managed_style_0B62E1DD0D402FE367CE</styleUrl>
		<Polygon>
			<outerBoundaryIs>
				<LinearRing>
					<coordinates>
						-72.43913943580685,40.89945701984563,0 -72.43916287919934,40.89947555324022,0 -72.43920524490393,40.89946009311443,0 -72.43920910309387,40.89944111121996,0 -72.43919517338971,40.8994203622884,0 -72.43920177206458,40.89939550688139,0 -72.43920534393148,40.89937434954287,0 -72.43918090903898,40.89934039807998,0 -72.43917593537972,40.89932132786662,0 -72.43914710683075,40.89931152193245,0 -72.43911226355385,40.89931837800827,0 -72.43906462043,40.89935273249856,0 -72.43905352469591,40.89938034935455,0 -72.43905905378368,40.89942625262591,0 -72.43908121933977,40.89944681734617,0 -72.4391122495268,40.89945342585008,0 -72.43913943580685,40.89945701984563,0 
					</coordinates>
				</LinearRing>
			</outerBoundaryIs>
		</Polygon>
	</Placemark>
	<Placemark id="0561AFF55C40309603B4">
		<name>shinnecock_hills_hole_16_bunker</name>
		<LookAt>
			<longitude>-72.43912972212668</longitude>
			<latitude>40.89927518754729</latitude>
			<altitude>6.050997847076454</altitude>
			<heading>-162.4918576996483</heading>
			<tilt>0.4315720758675896</tilt>
			<gx:fovy>30</gx:fovy>
			<range>79.08994210971287</range>
			<altitudeMode>absolute</altitudeMode>
		</LookAt>
		<styleUrl>#__managed_style_0B62E1DD0D402FE367CE</styleUrl>
		<Polygon>
			<outerBoundaryIs>
				<LinearRing>
					<coordinates>
						-72.43891416197691,40.89926236711624,0 -72.43893568895977,40.89926717338432,0 -72.43897885979602,40.89930081705992,0 -72.43901106286771,40.89930738954729,0 -72.43905680705562,40.89930827384345,0 -72.43910091799475,40.89929612755186,0 -72.43909143304118,40.89927300804806,0 -72.43905297587756,40.89924687538218,0 -72.43904596101015,40.89920982806433,0 -72.4390209964229,40.89918955601063,0 -72.43899843010551,40.89919196050676,0 -72.43896512845954,40.89919290910975,0 -72.43894481767576,40.89920082051491,0 -72.43889383337958,40.89924522762596,0 -72.43891416197691,40.89926236711624,0 
					</coordinates>
				</LinearRing>
			</outerBoundaryIs>
		</Polygon>
	</Placemark>
	<Placemark id="0DECC738A94030965BB6">
		<name>shinnecock_hills_hole_16_bunker</name>
		<LookAt>
			<longitude>-72.43940936156073</longitude>
			<latitude>40.89882337625727</latitude>
			<altitude>6.13206841422397</altitude>
			<heading>-162.4920939011226</heading>
			<tilt>0.4925935513281981</tilt>
			<gx:fovy>30</gx:fovy>
			<range>130.6104079121724</range>
			<altitudeMode>absolute</altitudeMode>
		</LookAt>
		<styleUrl>#__managed_style_0B62E1DD0D402FE367CE</styleUrl>
		<Polygon>
			<outerBoundaryIs>
				<LinearRing>
					<coordinates>
						-72.43941137261099,40.89870588654023,0 -72.43937899212916,40.89877664641979,0 -72.43933745714169,40.89883928567792,0 -72.43936118461765,40.89888997839388,0 -72.43941396925071,40.89892932334001,0 -72.43945355262825,40.89891777336799,0 -72.43946097796469,40.89887697004718,0 -72.4394374896717,40.89884274198425,0 -72.43944644275219,40.8988095724753,0 -72.43948660720113,40.89876864373364,0 -72.43949276893805,40.89871475798361,0 -72.4394489535826,40.89869408563259,0 -72.43941137261099,40.89870588654023,0 
					</coordinates>
				</LinearRing>
			</outerBoundaryIs>
		</Polygon>
	</Placemark>
	<Placemark id="0C62DA1AAD4030969F7F">
		<name>shinnecock_hills_hole_16_bunker</name>
		<LookAt>
			<longitude>-72.43893861988218</longitude>
			<latitude>40.89859759977176</latitude>
			<altitude>6.862459454313745</altitude>
			<heading>-162.4917715605012</heading>
			<tilt>0.2855859026255891</tilt>
			<gx:fovy>30</gx:fovy>
			<range>66.75200185772155</range>
			<altitudeMode>absolute</altitudeMode>
		</LookAt>
		<styleUrl>#__managed_style_0B62E1DD0D402FE367CE</styleUrl>
		<Polygon>
			<outerBoundaryIs>
				<LinearRing>
					<coordinates>
						-72.43889747475217,40.89862793075685,0 -72.43890679065586,40.89861297109543,0 -72.43892032248289,40.89859319610604,0 -72.43894299893446,40.89856899176302,0 -72.43894483126522,40.89854205446989,0 -72.43892312483069,40.89853341934695,0 -72.43890518483522,40.89851795087971,0 -72.43888261579021,40.89851197662066,0 -72.43886737559407,40.89851995144436,0 -72.43884123358946,40.89851936505176,0 -72.43880693705783,40.89855280279302,0 -72.43880027665658,40.8985996054645,0 -72.43883054533009,40.89861814351855,0 -72.43887337136015,40.89862592753214,0 -72.43889747475217,40.89862793075685,0 
					</coordinates>
				</LinearRing>
			</outerBoundaryIs>
		</Polygon>
	</Placemark>
	<Placemark id="0BD0DFF4EC403096EFC1">
		<name>shinnecock_hills_hole_16_bunker</name>
		<LookAt>
			<longitude>-72.43938595632046</longitude>
			<latitude>40.89790356458708</latitude>
			<altitude>3.630148921636382</altitude>
			<heading>-162.4923676171296</heading>
			<tilt>0.3465950540907834</tilt>
			<gx:fovy>30</gx:fovy>
			<range>83.0039259303976</range>
			<altitudeMode>absolute</altitudeMode>
		</LookAt>
		<styleUrl>#__managed_style_0B62E1DD0D402FE367CE</styleUrl>
		<Polygon>
			<outerBoundaryIs>
				<LinearRing>
					<coordinates>
						-72.43932705634033,40.89789221552777,0 -72.43933159996189,40.89793585216749,0 -72.43933425894235,40.89797548944524,0 -72.4393901762687,40.89797958285935,0 -72.43944138551738,40.89797083190764,0 -72.43945988848365,40.89794389463857,0 -72.43945682446436,40.89788599629485,0 -72.43948245982664,40.89783836476881,0 -72.43946604267317,40.89781405740247,0 -72.43944318522902,40.89781316095332,0 -72.43941551222024,40.89780971491432,0 -72.43937923962552,40.89781653319619,0 -72.43933353018039,40.89780268498163,0 -72.43929925164352,40.89782242910201,0 -72.43931289694252,40.8978633207451,0 -72.43932705634033,40.89789221552777,0 
					</coordinates>
				</LinearRing>
			</outerBoundaryIs>
		</Polygon>
	</Placemark>
	<Placemark id="03290F75634030973F40">
		<name>shinnecock_hills_hole_16_bunker</name>
		<LookAt>
			<longitude>-72.43942074581149</longitude>
			<latitude>40.8976865948329</latitude>
			<altitude>4.478069745699575</altitude>
			<heading>-162.5824236905215</heading>
			<tilt>0.4691696461024138</tilt>
			<gx:fovy>30</gx:fovy>
			<range>82.15130317154944</range>
			<altitudeMode>absolute</altitudeMode>
		</LookAt>
		<styleUrl>#__managed_style_0B62E1DD0D402FE367CE</styleUrl>
		<Polygon>
			<outerBoundaryIs>
				<LinearRing>
					<coordinates>
						-72.43938474092408,40.89776128672104,0 -72.43941815631069,40.8977887839038,0 -72.43946646546526,40.8977627232638,0 -72.43950062719708,40.89774177578818,0 -72.43950525382847,40.89772051489055,0 -72.43949563994711,40.89769517213244,0 -72.43950100287938,40.89767036269973,0 -72.43948446874714,40.89764986365258,0 -72.43946680074892,40.89764090296308,0 -72.43944494303392,40.89760293551813,0 -72.43942041583446,40.89758590675046,0 -72.43938696464397,40.89759368139693,0 -72.43938148299078,40.89762310618524,0 -72.43936648697955,40.89765727503081,0 -72.43936037598951,40.89769277142975,0 -72.43936260559806,40.89773250655846,0 -72.43938474092408,40.89776128672104,0 
					</coordinates>
				</LinearRing>
			</outerBoundaryIs>
		</Polygon>
	</Placemark>
	<Placemark id="04B214DA5D4030979B87">
		<name>shinnecock_hills_hole_16_bunker</name>
		<LookAt>
			<longitude>-72.4391233373059</longitude>
			<latitude>40.89765578770737</latitude>
			<altitude>4.996651289639735</altitude>
			<heading>-162.6115884975312</heading>
			<tilt>0.4691665714344863</tilt>
			<gx:fovy>30</gx:fovy>
			<range>40.41256944009092</range>
			<altitudeMode>absolute</altitudeMode>
		</LookAt>
		<styleUrl>#__managed_style_0B62E1DD0D402FE367CE</styleUrl>
		<Polygon>
			<outerBoundaryIs>
				<LinearRing>
					<coordinates>
						-72.43910862258571,40.89763102294044,0 -72.43911549260062,40.89764710354632,0 -72.43910881464662,40.89766587975968,0 -72.43913959793888,40.89768686784804,0 -72.43919466249426,40.89772460109547,0 -72.439225899192,40.89773283487724,0 -72.43927325007522,40.89773005429331,0 -72.43928048759643,40.89771685168471,0 -72.43926932558556,40.89768576917704,0 -72.43923727386523,40.8976547664526,0 -72.43921148075842,40.89763044339437,0 -72.43920972662832,40.89760568397882,0 -72.43921873752895,40.89758946207658,0 -72.43919324763928,40.89755838730728,0 -72.43917055415672,40.89755262424713,0 -72.4391379892666,40.89756479984249,0 -72.43913409512517,40.89758714938277,0 -72.43914385623552,40.89759685921265,0 -72.43913665880719,40.89761207079342,0 -72.43911161960835,40.89762143602251,0 -72.43910862258571,40.89763102294044,0 
					</coordinates>
				</LinearRing>
			</outerBoundaryIs>
		</Polygon>
	</Placemark>
	<Placemark id="0BA7972634403097DB0E">
		<name>shinnecock_hills_hole_16_bunker</name>
		<LookAt>
			<longitude>-72.43934762505148</longitude>
			<latitude>40.89751235677505</latitude>
			<altitude>5.890450710303796</altitude>
			<heading>-162.6117855749482</heading>
			<tilt>0.3520762700608133</tilt>
			<gx:fovy>30</gx:fovy>
			<range>52.11664580759134</range>
			<altitudeMode>absolute</altitudeMode>
		</LookAt>
		<styleUrl>#__managed_style_0B62E1DD0D402FE367CE</styleUrl>
		<Polygon>
			<outerBoundaryIs>
				<LinearRing>
					<coordinates>
						-72.43930279868218,40.89745340087273,0 -72.43927777320964,40.8975027989767,0 -72.43930198197882,40.89754864711293,0 -72.43935068013218,40.89755752919432,0 -72.43937539156433,40.89754477910876,0 -72.43938770992158,40.89751883954639,0 -72.43938130312233,40.89749511875994,0 -72.43938849994966,40.89747577153472,0 -72.43937256605044,40.89744377709935,0 -72.43935455035185,40.89743410343479,0 -72.43933654923235,40.89743128845119,0 -72.4393150514332,40.89744263191594,0 -72.43930279868218,40.89745340087273,0 
					</coordinates>
				</LinearRing>
			</outerBoundaryIs>
		</Polygon>
	</Placemark>
	<Placemark id="07A36F3F994030981B4E">
		<name>shinnecock_hills_hole_16_bunker</name>
		<LookAt>
			<longitude>-72.43929364298452</longitude>
			<latitude>40.89738912771456</latitude>
			<altitude>6.93813922080939</altitude>
			<heading>-162.6117502328169</heading>
			<tilt>0.292229309284663</tilt>
			<gx:fovy>30</gx:fovy>
			<range>51.07071028128303</range>
			<altitudeMode>absolute</altitudeMode>
		</LookAt>
		<styleUrl>#__managed_style_0B62E1DD0D402FE367CE</styleUrl>
		<Polygon>
			<outerBoundaryIs>
				<LinearRing>
					<coordinates>
						-72.43915914794964,40.89735460631206,0 -72.43915731787364,40.89738308706857,0 -72.43916876950775,40.89739586957009,0 -72.43921302658381,40.89741522196983,0 -72.43922383939089,40.8974274241186,0 -72.43922724026694,40.89744955454424,0 -72.43927191118605,40.8974561845533,0 -72.4393002084432,40.89743525278077,0 -72.43930855565731,40.89738706086712,0 -72.43929343735404,40.89735984360536,0 -72.43926852294186,40.89733209443472,0 -72.43924374452332,40.89732817538431,0 -72.4392092556065,40.89733682276189,0 -72.4391851370503,40.89733815265363,0 -72.43917376971311,40.89734519005839,0 -72.43915914794964,40.89735460631206,0 
					</coordinates>
				</LinearRing>
			</outerBoundaryIs>
		</Polygon>
	</Placemark>
	<Placemark id="0226B6B40140309864FF">
		<name>shinnecock_hills_hole_16_bunker</name>
		<LookAt>
			<longitude>-72.43977494339987</longitude>
			<latitude>40.89716175298951</latitude>
			<altitude>7.344135229270612</altitude>
			<heading>-162.6753940276351</heading>
			<tilt>0.2922288421993496</tilt>
			<gx:fovy>30</gx:fovy>
			<range>40.92371952477152</range>
			<altitudeMode>absolute</altitudeMode>
		</LookAt>
		<styleUrl>#__managed_style_0B62E1DD0D402FE367CE</styleUrl>
		<Polygon>
			<outerBoundaryIs>
				<LinearRing>
					<coordinates>
						-72.43968267904421,40.89716099645149,0 -72.4396950263946,40.89716548123646,0 -72.43971346029353,40.89718039470731,0 -72.43975240611474,40.89719989166928,0 -72.4397805806128,40.89720586179778,0 -72.43981081336808,40.89719641725642,0 -72.43982359800032,40.89717476715348,0 -72.43981771307442,40.89715068311934,0 -72.43979365272216,40.89713402460202,0 -72.43975904163484,40.89713045847422,0 -72.4397222034922,40.89711676475704,0 -72.43969266757531,40.89711224169904,0 -72.43966501451692,40.89713535429629,0 -72.43967751283786,40.89715288527912,0 -72.43968267904421,40.89716099645149,0 
					</coordinates>
				</LinearRing>
			</outerBoundaryIs>
		</Polygon>
	</Placemark>
	<Placemark id="093219CAA1403098A1EB">
		<name>shinnecock_hills_hole_16_bunker</name>
		<LookAt>
			<longitude>-72.43932503656765</longitude>
			<latitude>40.89668971932612</latitude>
			<altitude>9.09902841110079</altitude>
			<heading>-162.6751669937554</heading>
			<tilt>0.2922291212091707</tilt>
			<gx:fovy>30</gx:fovy>
			<range>47.03189480764649</range>
			<altitudeMode>absolute</altitudeMode>
		</LookAt>
		<styleUrl>#__managed_style_0B62E1DD0D402FE367CE</styleUrl>
		<Polygon>
			<outerBoundaryIs>
				<LinearRing>
					<coordinates>
						-72.43920758884103,40.89668116840718,0 -72.43920735460783,40.89671353616718,0 -72.43922805091269,40.89674973303877,0 -72.43927793596465,40.89675782952948,0 -72.4393035914554,40.89675715865566,0 -72.43932499103643,40.8967393628616,0 -72.43932600649904,40.89671093240126,0 -72.43931530211263,40.89668608770017,0 -72.43928741471723,40.8966876415251,0 -72.43924441581953,40.89668127655398,0 -72.43920758884103,40.89668116840718,0 
					</coordinates>
				</LinearRing>
			</outerBoundaryIs>
		</Polygon>
	</Placemark>
	<Placemark id="0D2A2ADF9E403098D501">
		<name>shinnecock_hills_hole_16_bunker</name>
		<LookAt>
			<longitude>-72.43923748337718</longitude>
			<latitude>40.89662785437244</latitude>
			<altitude>9.665126526338954</altitude>
			<heading>-162.6751096731062</heading>
			<tilt>0.2922290945080009</tilt>
			<gx:fovy>30</gx:fovy>
			<range>46.46579353208381</range>
			<altitudeMode>absolute</altitudeMode>
		</LookAt>
		<styleUrl>#__managed_style_0B62E1DD0D402FE367CE</styleUrl>
		<Polygon>
			<outerBoundaryIs>
				<LinearRing>
					<coordinates>
						-72.43917205091974,40.89657496912703,0 -72.43914722999949,40.89659009574846,0 -72.4391534602476,40.89661343573429,0 -72.43917817836704,40.89665584035266,0 -72.43921630634836,40.89666737312933,0 -72.43924382325555,40.89666839444781,0 -72.43927040281187,40.89664211400569,0 -72.43925868119044,40.89661602856828,0 -72.43924362632161,40.89659509345273,0 -72.43921287816208,40.8965779923056,0 -72.43919112843449,40.89656896205428,0 -72.43917205091974,40.89657496912703,0 
					</coordinates>
				</LinearRing>
			</outerBoundaryIs>
		</Polygon>
	</Placemark>
	<Placemark id="0F6B1541204030996596">
		<name>shinnecock_hills_hole_16_bunker</name>
		<LookAt>
			<longitude>-72.43933064846189</longitude>
			<latitude>40.89662593440971</latitude>
			<altitude>9.135911630588611</altitude>
			<heading>-162.7373405676801</heading>
			<tilt>0.2922291182495801</tilt>
			<gx:fovy>30</gx:fovy>
			<range>46.99501634986518</range>
			<altitudeMode>absolute</altitudeMode>
		</LookAt>
		<styleUrl>#__managed_style_0B62E1DD0D402FE367CE</styleUrl>
		<Polygon>
			<outerBoundaryIs>
				<LinearRing>
					<coordinates>
						-72.43930611905094,40.89657090866469,0 -72.43929105041775,40.8965916705239,0 -72.43928984321788,40.89662622856981,0 -72.43930982940665,40.89665246797671,0 -72.43934272666613,40.89666051634617,0 -72.43936594976877,40.89664515300334,0 -72.43937960436273,40.89661008265791,0 -72.43935114281277,40.89657684360138,0 -72.43933440091691,40.8965739245419,0 -72.43930611905094,40.89657090866469,0 
					</coordinates>
				</LinearRing>
			</outerBoundaryIs>
		</Polygon>
	</Placemark>
	<Placemark id="02A648DCD14030999880">
		<name>shinnecock_hills_hole_16_bunker</name>
		<LookAt>
			<longitude>-72.43945352770056</longitude>
			<latitude>40.89663336121774</latitude>
			<altitude>7.232162284646238</altitude>
			<heading>-162.7374210159338</heading>
			<tilt>0.2922292050243125</tilt>
			<gx:fovy>30</gx:fovy>
			<range>48.8987895948776</range>
			<altitudeMode>absolute</altitudeMode>
		</LookAt>
		<styleUrl>#__managed_style_0B62E1DD0D402FE367CE</styleUrl>
		<Polygon>
			<outerBoundaryIs>
				<LinearRing>
					<coordinates>
						-72.43944183718237,40.89659478283528,0 -72.43942044695196,40.89660924991226,0 -72.43940773040096,40.89662756037293,0 -72.4394107871741,40.89664757562381,0 -72.43945536797476,40.8966611543175,0 -72.43948739269143,40.8966614917396,0 -72.43950662243113,40.89664475364751,0 -72.4395056323704,40.8966217763094,0 -72.43948567259284,40.89660019001415,0 -72.43946297051315,40.89659308109103,0 -72.43944183718237,40.89659478283528,0 
					</coordinates>
				</LinearRing>
			</outerBoundaryIs>
		</Polygon>
	</Placemark>
	<Placemark id="03FADDFA6E403099D200">
		<name>shinnecock_hills_hole_16_bunker</name>
		<LookAt>
			<longitude>-72.43949563577354</longitude>
			<latitude>40.8965466772626</latitude>
			<altitude>7.910735031172848</altitude>
			<heading>-162.7374485844615</heading>
			<tilt>0.2922291729602188</tilt>
			<gx:fovy>30</gx:fovy>
			<range>48.22020742962196</range>
			<altitudeMode>absolute</altitudeMode>
		</LookAt>
		<styleUrl>#__managed_style_0B62E1DD0D402FE367CE</styleUrl>
		<Polygon>
			<outerBoundaryIs>
				<LinearRing>
					<coordinates>
						-72.43943619409949,40.89648533028942,0 -72.43940469681549,40.89649186801685,0 -72.43939561295946,40.89650890228054,0 -72.43939120934104,40.89651665405911,0 -72.43938125244971,40.89651966996152,0 -72.43938345635574,40.89655911421119,0 -72.43940272399176,40.89657495716607,0 -72.43944994676451,40.8965733911016,0 -72.43949108744582,40.89656140156466,0 -72.43950778008914,40.89654332440585,0 -72.4395107581278,40.89651164320642,0 -72.43949864867318,40.89649301804207,0 -72.43946863087203,40.89648223206836,0 -72.43943619409949,40.89648533028942,0 
					</coordinates>
				</LinearRing>
			</outerBoundaryIs>
		</Polygon>
	</Placemark>
	<Placemark id="08A878919E40309A0CCF">
		<name>shinnecock_hills_hole_16_bunker</name>
		<LookAt>
			<longitude>-72.43963737357278</longitude>
			<latitude>40.89649428655405</latitude>
			<altitude>7.398130518180867</altitude>
			<heading>-162.7375413788327</heading>
			<tilt>0.2922291959060823</tilt>
			<gx:fovy>30</gx:fovy>
			<range>48.7328148058623</range>
			<altitudeMode>absolute</altitudeMode>
		</LookAt>
		<styleUrl>#__managed_style_0B62E1DD0D402FE367CE</styleUrl>
		<Polygon>
			<outerBoundaryIs>
				<LinearRing>
					<coordinates>
						-72.43965380244256,40.89647768025254,0 -72.43963031818664,40.89648693839577,0 -72.43960781314854,40.89652121862652,0 -72.43960601034809,40.89654652748163,0 -72.43961855290144,40.89656605927777,0 -72.43965554241979,40.89657459170112,0 -72.43967884599709,40.89656876540717,0 -72.43969526963031,40.89655208012965,0 -72.43971705469909,40.89652335657511,0 -72.4397461674366,40.89648551708596,0 -72.43972731525061,40.89646269387898,0 -72.43970812759446,40.89644995044813,0 -72.43968512468037,40.89644611294074,0 -72.43966767113939,40.89646404635413,0 -72.43965380244256,40.89647768025254,0 
					</coordinates>
				</LinearRing>
			</outerBoundaryIs>
		</Polygon>
	</Placemark>
	<Placemark id="0A6B4EF10440309A676E">
		<name>shinnecock_hills_hole_16_bunker</name>
		<LookAt>
			<longitude>-72.43932576623708</longitude>
			<latitude>40.89650436575558</latitude>
			<altitude>10.42973536199018</altitude>
			<heading>-162.7373067839046</heading>
			<tilt>0.2922293921606149</tilt>
			<gx:fovy>30</gx:fovy>
			<range>53.03531313581517</range>
			<altitudeMode>absolute</altitudeMode>
		</LookAt>
		<styleUrl>#__managed_style_0B62E1DD0D402FE367CE</styleUrl>
		<Polygon>
			<outerBoundaryIs>
				<LinearRing>
					<coordinates>
						-72.43921864264115,40.89648823208283,0 -72.4392095454008,40.89651753299479,0 -72.43922184863884,40.89654022309298,0 -72.43925331849607,40.89654953631644,0 -72.43929460265709,40.89653661088992,0 -72.43930388533224,40.89650764741697,0 -72.4392777184688,40.89648780571143,0 -72.43924784863469,40.89648681333662,0 -72.43921864264115,40.89648823208283,0 
					</coordinates>
				</LinearRing>
			</outerBoundaryIs>
		</Polygon>
	</Placemark>
	<Placemark id="0A5902655940309A926B">
		<name>shinnecock_hills_hole_16_bunker</name>
		<LookAt>
			<longitude>-72.43935498472248</longitude>
			<latitude>40.89646720032829</latitude>
			<altitude>10.53800642356329</altitude>
			<heading>-162.737325913184</heading>
			<tilt>0.2922293867278444</tilt>
			<gx:fovy>30</gx:fovy>
			<range>52.927038980406</range>
			<altitudeMode>absolute</altitudeMode>
		</LookAt>
		<styleUrl>#__managed_style_0B62E1DD0D402FE367CE</styleUrl>
		<Polygon>
			<outerBoundaryIs>
				<LinearRing>
					<coordinates>
						-72.439264072553,40.89641519059244,0 -72.43925066994596,40.89643825865978,0 -72.43924539872566,40.8964483052418,0 -72.43929016899028,40.89647028500067,0 -72.43932872329002,40.89646077204734,0 -72.43933496234204,40.89643771468496,0 -72.43931977345626,40.89641255210796,0 -72.43928822212082,40.89640614928842,0 -72.439264072553,40.89641519059244,0 
					</coordinates>
				</LinearRing>
			</outerBoundaryIs>
		</Polygon>
	</Placemark>
	<Placemark id="0AC93F53C740309AD43C">
		<name>shinnecock_hills_hole_16_bunker</name>
		<LookAt>
			<longitude>-72.43948568838572</longitude>
			<latitude>40.8963535758359</latitude>
			<altitude>9.902761661160543</altitude>
			<heading>-162.7667201517765</heading>
			<tilt>0.3525245326263038</tilt>
			<gx:fovy>30</gx:fovy>
			<range>53.55392351028968</range>
			<altitudeMode>absolute</altitudeMode>
		</LookAt>
		<styleUrl>#__managed_style_0B62E1DD0D402FE367CE</styleUrl>
		<Polygon>
			<outerBoundaryIs>
				<LinearRing>
					<coordinates>
						-72.43936617645849,40.8964265534844,0 -72.43938899213497,40.89644615654975,0 -72.43941741114872,40.89644510221298,0 -72.43944337531879,40.89641558786963,0 -72.43945417949433,40.89639555478652,0 -72.43945277875549,40.89636638022967,0 -72.43948117194709,40.89632446643873,0 -72.43948613954792,40.89629390849888,0 -72.43946885285945,40.89627567147032,0 -72.439447545124,40.89626968998097,0 -72.43942066801573,40.896274915578,0 -72.43940260857399,40.89630250939641,0 -72.43939248470001,40.89634189589821,0 -72.43936990899486,40.89636410062946,0 -72.4393611089609,40.89638139761725,0 -72.43936237922155,40.89640649495682,0 -72.43936617645849,40.8964265534844,0 
					</coordinates>
				</LinearRing>
			</outerBoundaryIs>
		</Polygon>
	</Placemark>
	<Placemark id="092EE3A86640309B27EC">
		<name>shinnecock_hills_hole_16_bunker</name>
		<LookAt>
			<longitude>-72.43980920061699</longitude>
			<latitude>40.89635421901622</latitude>
			<altitude>8.058892537221922</altitude>
			<heading>-162.7962882836293</heading>
			<tilt>0.3525245480445117</tilt>
			<gx:fovy>30</gx:fovy>
			<range>53.84786761977011</range>
			<altitudeMode>absolute</altitudeMode>
		</LookAt>
		<styleUrl>#__managed_style_0B62E1DD0D402FE367CE</styleUrl>
		<Polygon>
			<outerBoundaryIs>
				<LinearRing>
					<coordinates>
						-72.43977113124058,40.89630345138694,0 -72.43974493431483,40.89633917067331,0 -72.43973991236921,40.8963617885229,0 -72.43974422651971,40.89637234603736,0 -72.43973075558034,40.89638529740114,0 -72.43972604410722,40.89640301092169,0 -72.4397533593897,40.89642345327621,0 -72.43978486402547,40.89642765038007,0 -72.43980825602677,40.8964162334067,0 -72.43981882177569,40.89639907437139,0 -72.43982733066619,40.89635714838457,0 -72.43982703843305,40.89631476538212,0 -72.43981680900127,40.89630363771279,0 -72.43979127719878,40.89629819683344,0 -72.43977113124058,40.89630345138694,0 
					</coordinates>
				</LinearRing>
			</outerBoundaryIs>
		</Polygon>
	</Placemark>
	<Placemark id="0108DAE92A40309B7D2C">
		<name>shinnecock_hills_hole_16_green</name>
		<LookAt>
			<longitude>-72.43960598657972</longitude>
			<latitude>40.89642325897434</latitude>
			<altitude>9.179290344004041</altitude>
			<heading>-162.8255749899545</heading>
			<tilt>0.4129248529675102</tilt>
			<gx:fovy>30</gx:fovy>
			<range>64.38000054484291</range>
			<altitudeMode>absolute</altitudeMode>
		</LookAt>
		<styleUrl>#__managed_style_0B62E1DD0D402FE367CE</styleUrl>
		<Polygon>
			<outerBoundaryIs>
				<LinearRing>
					<coordinates>
						-72.43948242622655,40.89647397267302,0 -72.43954050655768,40.8964838824656,0 -72.43960226264653,40.89647829131356,0 -72.43965012094526,40.89644952467725,0 -72.43970588219992,40.89639918321021,0 -72.43972374128792,40.89634771068182,0 -72.43974176592569,40.89630967024279,0 -72.4397671474165,40.89628449912772,0 -72.43977073854332,40.89625110342464,0 -72.43973194103384,40.89621549504724,0 -72.43967864825402,40.89619467869687,0 -72.43960687853264,40.89619431670788,0 -72.43951487706656,40.89623267023477,0 -72.43948794798777,40.89626234977045,0 -72.43949248978242,40.89628204078931,0 -72.43949617183532,40.89631313217741,0 -72.43947921233547,40.89635140098508,0 -72.43945308476248,40.89642355110647,0 -72.4394513132022,40.89645619342598,0 -72.43948242622655,40.89647397267302,0 
					</coordinates>
				</LinearRing>
			</outerBoundaryIs>
		</Polygon>
	</Placemark>
	<Placemark id="09ACA3D75640309D8793">
		<name>shinnecock_hills_hole_16_fairway</name>
		<LookAt>
			<longitude>-72.43929502029621</longitude>
			<latitude>40.8994405293931</latitude>
			<altitude>5.338213443147795</altitude>
			<heading>187.4297865710767</heading>
			<tilt>0</tilt>
			<gx:fovy>30</gx:fovy>
			<range>121.9672261573214</range>
			<altitudeMode>absolute</altitudeMode>
		</LookAt>
		<styleUrl>#__managed_style_0B62E1DD0D402FE367CE</styleUrl>
		<Polygon>
			<outerBoundaryIs>
				<LinearRing>
					<coordinates>
						-72.43913686945504,40.89962865477197,0 -72.43913836063082,40.89968692601428,0 -72.43916581582744,40.89972440991484,0 -72.43922655161984,40.89973171563093,0 -72.43929942868213,40.89968985450439,0 -72.43939685048133,40.89965915638448,0 -72.4395248542844,40.89957684839965,0 -72.43957046244519,40.89951542544514,0 -72.43959320097531,40.89940127416678,0 -72.43959490177434,40.89927622672457,0 -72.43957070602261,40.89908746456787,0 -72.4395168151591,40.8989781799969,0 -72.43945956606737,40.89894264490596,0 -72.43939289475887,40.8989310954873,0 -72.43934293114128,40.89889347234909,0 -72.43932849345545,40.89885723240947,0 -72.43935007294161,40.89875657699132,0 -72.43939844414395,40.89869452933461,0 -72.43944806704408,40.89864747494256,0 -72.43950009039567,40.8985193411728,0 -72.43954530891868,40.89837839995422,0 -72.43959486079201,40.89827210166547,0 -72.43969192175732,40.89813770161146,0 -72.43983521419348,40.89796260145513,0 -72.43991850115223,40.89778793241275,0 -72.43993221304697,40.89764682237936,0 -72.43992869666003,40.89748695307275,0 -72.43991116531832,40.89738527157367,0 -72.43982614980163,40.89725703282351,0 -72.43975938554755,40.89721369523475,0 -72.43966414382589,40.89717188396742,0 -72.43964646650825,40.89713122370854,0 -72.43968730259854,40.89708641544183,0 -72.43974686953763,40.8970171803365,0 -72.43981452766096,40.89688625190234,0 -72.43988200174473,40.89681980622839,0 -72.43992282454742,40.89670762421814,0 -72.43995220609528,40.89659336303462,0 -72.43997334910881,40.89645660670205,0 -72.43995730650735,40.89627109442243,0 -72.43991472383625,40.89616252629414,0 -72.43987671377164,40.89610814010398,0 -72.43980608874827,40.89607615317343,0 -72.43971764774987,40.8960696721902,0 -72.43958879813903,40.89608861532417,0 -72.43948603484611,40.89612645862015,0 -72.43941382617865,40.8961958336627,0 -72.43939806850037,40.89622855002877,0 -72.43941635488748,40.89625456327185,0 -72.43946540877867,40.89626305162787,0 -72.43948344336506,40.89628293486984,0 -72.43948957476613,40.89629148026931,0 -72.43948928413435,40.89631294458511,0 -72.43946830478976,40.89635857547123,0 -72.43945949247525,40.8963878178732,0 -72.43944889324982,40.89641633811709,0 -72.43942505163299,40.89645097348924,0 -72.43942724948168,40.89646559090993,0 -72.43944235447189,40.89647650402291,0 -72.43948095711401,40.89648034702339,0 -72.43950864760559,40.89649670289429,0 -72.43951772474152,40.89651323848141,0 -72.43951515032688,40.89654322762042,0 -72.43949768690418,40.8965767990157,0 -72.43949410743164,40.8966010219621,0 -72.43951363599868,40.89662728336987,0 -72.43950535094967,40.89666030775305,0 -72.43945549225074,40.89667835130845,0 -72.43939001638938,40.89668914821189,0 -72.43935397323311,40.89671502759595,0 -72.43927720601532,40.89679581183779,0 -72.43925374944781,40.89683722850764,0 -72.4392115005173,40.8970505626879,0 -72.43921591703314,40.89718812406337,0 -72.43924786483473,40.89729383853588,0 -72.43936561294517,40.89741836827534,0 -72.43939402339436,40.89746198256314,0 -72.43942864557238,40.89754890355621,0 -72.43951458673722,40.89765539751533,0 -72.43952495389138,40.89771708540374,0 -72.43950469464248,40.89778741675931,0 -72.43950557837422,40.89785159390497,0 -72.43947637269603,40.89792976555088,0 -72.4394459288602,40.89797909258564,0 -72.43936228238846,40.89799662033795,0 -72.43930119619255,40.89801290908984,0 -72.43924057710861,40.89809808391538,0 -72.43904913425675,40.8983702942821,0 -72.43896814921115,40.89851878638347,0 -72.43896012850901,40.89856789875928,0 -72.4388946782791,40.89863813467667,0 -72.43886701216907,40.89869680594954,0 -72.43888246691355,40.8989022052129,0 -72.4390007663831,40.89913698131788,0 -72.43911185187011,40.89924900273141,0 -72.43921628554972,40.89937029244071,0 -72.43922809523922,40.89944840672997,0 -72.43919614009789,40.89950243081981,0 -72.43914958283101,40.89956061239344,0 -72.43913686945504,40.89962865477197,0 
					</coordinates>
				</LinearRing>
			</outerBoundaryIs>
		</Polygon>
	</Placemark>
	<Placemark id="0A458F1F8240309ED92C">
		<name>shinnecock_hills_hole_17_tee</name>
		<LookAt>
			<longitude>-72.44003460947779</longitude>
			<latitude>40.89670851876601</latitude>
			<altitude>7.288588361070207</altitude>
			<heading>306.7283993008091</heading>
			<tilt>0</tilt>
			<gx:fovy>30</gx:fovy>
			<range>149.0972320031142</range>
			<altitudeMode>absolute</altitudeMode>
		</LookAt>
		<styleUrl>#__managed_style_0B62E1DD0D402FE367CE</styleUrl>
		<Polygon>
			<outerBoundaryIs>
				<LinearRing>
					<coordinates>
						-72.44026463480922,40.89662569781286,0 -72.44007853578924,40.89652452266651,0 -72.44002179336796,40.8965816598292,0 -72.44021892873229,40.8966882693198,0 -72.44026463480922,40.89662569781286,0 
					</coordinates>
				</LinearRing>
			</outerBoundaryIs>
		</Polygon>
	</Placemark>
	<Placemark id="009A4B452C40309F17C0">
		<name>shinnecock_hills_hole_17_tee</name>
		<LookAt>
			<longitude>-72.44019435790064</longitude>
			<latitude>40.89693333063235</latitude>
			<altitude>8.176855455412673</altitude>
			<heading>306.6989848734927</heading>
			<tilt>0</tilt>
			<gx:fovy>30</gx:fovy>
			<range>148.2089736852504</range>
			<altitudeMode>absolute</altitudeMode>
		</LookAt>
		<styleUrl>#__managed_style_0B62E1DD0D402FE367CE</styleUrl>
		<Polygon>
			<outerBoundaryIs>
				<LinearRing>
					<coordinates>
						-72.44030878289475,40.89687336644895,0 -72.44018464963132,40.8968266226456,0 -72.44015670217365,40.89687508227948,0 -72.44028698297515,40.89691655054723,0 -72.44030878289475,40.89687336644895,0 
					</coordinates>
				</LinearRing>
			</outerBoundaryIs>
		</Polygon>
	</Placemark>
	<Placemark id="0B4057E83C40309F3C89">
		<name>shinnecock_hills_hole_17_tee</name>
		<LookAt>
			<longitude>-72.44019435790064</longitude>
			<latitude>40.89693333063235</latitude>
			<altitude>8.176855455412673</altitude>
			<heading>306.698984856304</heading>
			<tilt>0</tilt>
			<gx:fovy>30</gx:fovy>
			<range>148.2089736852504</range>
			<altitudeMode>absolute</altitudeMode>
		</LookAt>
		<styleUrl>#__managed_style_0B62E1DD0D402FE367CE</styleUrl>
		<Polygon>
			<outerBoundaryIs>
				<LinearRing>
					<coordinates>
						-72.44034386020222,40.89699788885206,0 -72.44025901501264,40.89697388402093,0 -72.44023605782682,40.89701904228642,0 -72.44032058277735,40.89703785296342,0 -72.44034386020222,40.89699788885206,0 
					</coordinates>
				</LinearRing>
			</outerBoundaryIs>
		</Polygon>
	</Placemark>
	<Placemark id="04B9778C4C40309F7737">
		<name>shinnecock_hills_hole_17_bunker</name>
		<LookAt>
			<longitude>-72.4412881750894</longitude>
			<latitude>40.89730728881062</latitude>
			<altitude>6.239130641764852</altitude>
			<heading>-53.30271761352593</heading>
			<tilt>0.06330552973211628</tilt>
			<gx:fovy>30</gx:fovy>
			<range>108.3020380611924</range>
			<altitudeMode>absolute</altitudeMode>
		</LookAt>
		<styleUrl>#__managed_style_0B62E1DD0D402FE367CE</styleUrl>
		<Polygon>
			<outerBoundaryIs>
				<LinearRing>
					<coordinates>
						-72.44110385624829,40.8971351476126,0 -72.44110594600238,40.89715480382557,0 -72.44112371317568,40.89718596443019,0 -72.44114561102747,40.89719472265786,0 -72.44117331480898,40.89721217408508,0 -72.44120965325322,40.8972259386851,0 -72.44124725005652,40.8972217626806,0 -72.44129270218883,40.89720113666265,0 -72.44129067777735,40.89716842234424,0 -72.44126549196857,40.89715015608493,0 -72.44123736772515,40.89714777629806,0 -72.44118894896717,40.8971346797009,0 -72.44112888540255,40.89712659621401,0 -72.44110385624829,40.8971351476126,0 
					</coordinates>
				</LinearRing>
			</outerBoundaryIs>
		</Polygon>
	</Placemark>
	<Placemark id="0B6BA982DF40309FB8CE">
		<name>shinnecock_hills_hole_17_bunker</name>
		<LookAt>
			<longitude>-72.44136760437991</longitude>
			<latitude>40.8973062213502</latitude>
			<altitude>6.215107303347976</altitude>
			<heading>-53.30274016050814</heading>
			<tilt>0.1924836152122573</tilt>
			<gx:fovy>30</gx:fovy>
			<range>65.91877874953752</range>
			<altitudeMode>absolute</altitudeMode>
		</LookAt>
		<styleUrl>#__managed_style_0B62E1DD0D402FE367CE</styleUrl>
		<Polygon>
			<outerBoundaryIs>
				<LinearRing>
					<coordinates>
						-72.44148282575625,40.89725828499096,0 -72.44143556604809,40.89720126350628,0 -72.44141342943766,40.89719409138058,0 -72.44136768853353,40.89719719473756,0 -72.44133195273442,40.89721273115865,0 -72.44132472527886,40.89725186602077,0 -72.44133751085494,40.89726925993775,0 -72.44136296932881,40.89729116984686,0 -72.44139065366433,40.89730392823104,0 -72.44143159307019,40.89730819283945,0 -72.44145638637933,40.89729456599277,0 -72.44148112235229,40.89729002624386,0 -72.44148613675591,40.89727222535861,0 -72.44148282575625,40.89725828499096,0 
					</coordinates>
				</LinearRing>
			</outerBoundaryIs>
		</Polygon>
	</Placemark>
	<Placemark id="074B1EFC7E40309FF7A9">
		<name>shinnecock_hills_hole_17_bunker</name>
		<LookAt>
			<longitude>-72.44161969448655</longitude>
			<latitude>40.89725706803327</latitude>
			<altitude>5.788311023477721</altitude>
			<heading>-53.36507510483611</heading>
			<tilt>0.321828168237067</tilt>
			<gx:fovy>30</gx:fovy>
			<range>66.33948114991655</range>
			<altitudeMode>absolute</altitudeMode>
		</LookAt>
		<styleUrl>#__managed_style_0B62E1DD0D402FE367CE</styleUrl>
		<Polygon>
			<outerBoundaryIs>
				<LinearRing>
					<coordinates>
						-72.44172166806077,40.89727073359452,0 -72.4417323053539,40.89725320222045,0 -72.44172452982157,40.89723345625595,0 -72.44167839122974,40.8972131899048,0 -72.44163012264183,40.89718792160718,0 -72.44156473769979,40.89718281643519,0 -72.44153084667468,40.89719958816896,0 -72.44151426692754,40.89721622893185,0 -72.44152339471411,40.89724961758795,0 -72.4415386319034,40.89727732566047,0 -72.44156289749159,40.89728423634961,0 -72.44159353976976,40.89727471991591,0 -72.44162650319058,40.89726515392432,0 -72.44165079092659,40.89726633978783,0 -72.44167454743015,40.8972752069519,0 -72.44170057914626,40.89727416771214,0 -72.44172166806077,40.89727073359452,0 
					</coordinates>
				</LinearRing>
			</outerBoundaryIs>
		</Polygon>
	</Placemark>
	<Placemark id="03CDFEEA794030A05FAF">
		<name>shinnecock_hills_hole_17_bunker</name>
		<LookAt>
			<longitude>-72.44158877832935</longitude>
			<latitude>40.89746870173348</latitude>
			<altitude>6.074256991013853</altitude>
			<heading>-53.45653259643389</heading>
			<tilt>0.508171149200587</tilt>
			<gx:fovy>30</gx:fovy>
			<range>73.50291225124238</range>
			<altitudeMode>absolute</altitudeMode>
		</LookAt>
		<styleUrl>#__managed_style_0B62E1DD0D402FE367CE</styleUrl>
		<Polygon>
			<outerBoundaryIs>
				<LinearRing>
					<coordinates>
						-72.44146430140924,40.89748527515953,0 -72.44149422212774,40.89749651304985,0 -72.44154298406549,40.89749638059089,0 -72.44160490421685,40.89753400956853,0 -72.44164666531638,40.89755527463728,0 -72.4416948858685,40.89756679867051,0 -72.44174209616253,40.897558579896,0 -72.44178038670645,40.89754243400061,0 -72.44178924327441,40.8975097593023,0 -72.44178124897589,40.89748379605659,0 -72.4417590529348,40.89747039900245,0 -72.44172603703946,40.89746700898078,0 -72.44169485821126,40.8974752673571,0 -72.44165468324508,40.89746749578445,0 -72.44163524475036,40.8974678119466,0 -72.44161695522222,40.89745613716428,0 -72.44159958800928,40.89745856775982,0 -72.44156124763335,40.89744558358836,0 -72.44154264893314,40.89742925175666,0 -72.44150132108419,40.89742268195251,0 -72.44145092938545,40.89743848118955,0 -72.441421298921,40.89746536505643,0 -72.44142794145522,40.89748276334922,0 -72.44146430140924,40.89748527515953,0 
					</coordinates>
				</LinearRing>
			</outerBoundaryIs>
		</Polygon>
	</Placemark>
	<Placemark id="0E22F9B3B14030A0F7BC">
		<name>shinnecock_hills_hole_17_green</name>
		<LookAt>
			<longitude>-72.4415689627989</longitude>
			<latitude>40.89732028933151</latitude>
			<altitude>7.101026319009989</altitude>
			<heading>-53.42898723850625</heading>
			<tilt>0.5081710662299326</tilt>
			<gx:fovy>30</gx:fovy>
			<range>72.47609824440588</range>
			<altitudeMode>absolute</altitudeMode>
		</LookAt>
		<styleUrl>#__managed_style_0B62E1DD0D402FE367CE</styleUrl>
		<Polygon>
			<outerBoundaryIs>
				<LinearRing>
					<coordinates>
						-72.44143042226955,40.89733865093981,0 -72.44141702912034,40.89738578851186,0 -72.44142972869518,40.89742268611896,0 -72.44145182637104,40.89742745326929,0 -72.44149500490438,40.89741544091239,0 -72.44161997601626,40.89744062385747,0 -72.44175286118102,40.89746289763062,0 -72.44181836804866,40.89749001651865,0 -72.44186460827603,40.89747931439631,0 -72.44191044099813,40.89744502509603,0 -72.44193576968176,40.89737413032554,0 -72.44191466578002,40.89731955600753,0 -72.44187778646643,40.89725957677716,0 -72.44181721610012,40.89724751656816,0 -72.44179138149862,40.89724883348952,0 -72.44174362975855,40.89727193867444,0 -72.44170309065439,40.89728628671066,0 -72.4416343347451,40.89728677217017,0 -72.44156174986372,40.89729840906789,0 -72.44151288930588,40.89729520881856,0 -72.44147586934947,40.8973113281725,0 -72.44144536208611,40.89732298008213,0 -72.44143042226955,40.89733865093981,0 
					</coordinates>
				</LinearRing>
			</outerBoundaryIs>
		</Polygon>
	</Placemark>
	<Placemark id="03943CC04F4030A1D490">
		<name>shinnecock_hills_hole_17_fairway</name>
		<LookAt>
			<longitude>-72.44131010961138</longitude>
			<latitude>40.89741724727479</latitude>
			<altitude>6.706709820313255</altitude>
			<heading>-53.42881238610715</heading>
			<tilt>0.5081726801596421</tilt>
			<gx:fovy>30</gx:fovy>
			<range>92.73209167207824</range>
			<altitudeMode>absolute</altitudeMode>
		</LookAt>
		<styleUrl>#__managed_style_0B62E1DD0D402FE367CE</styleUrl>
		<Polygon>
			<outerBoundaryIs>
				<LinearRing>
					<coordinates>
						-72.44157729932796,40.89729048906771,0 -72.44153803138754,40.89728744566597,0 -72.44149471859514,40.89729400794594,0 -72.4414491975114,40.89731084992636,0 -72.44139897642562,40.89732206749796,0 -72.4413406302493,40.89730845031496,0 -72.44131096962727,40.89726868643429,0 -72.44127573605536,40.89723778258521,0 -72.44123356440845,40.89723929606548,0 -72.44116930105768,40.89722744964961,0 -72.44111576211156,40.89719104689207,0 -72.44107153547859,40.89714535301555,0 -72.4410069733119,40.89713756755663,0 -72.44094676894777,40.89715635287687,0 -72.44090892468947,40.89718234484543,0 -72.44088165927825,40.89723285130319,0 -72.44089133670302,40.89727582200627,0 -72.44096844545123,40.89736106686019,0 -72.44109370705793,40.89746451503038,0 -72.44126324425284,40.8975420117469,0 -72.44139055044816,40.89757046982328,0 -72.44147567043834,40.89758835406648,0 -72.44158306507943,40.89763637284165,0 -72.44167215827984,40.89764933043875,0 -72.44175554926424,40.89764845415438,0 -72.44190761643976,40.89759591711719,0 -72.44198760585138,40.89754122241372,0 -72.4420641410579,40.89746128656712,0 -72.44208392283069,40.89737591465727,0 -72.44207555556359,40.89729885744866,0 -72.44208275276772,40.89727877404317,0 -72.44211440543233,40.89727109148745,0 -72.4421303904936,40.89726554465167,0 -72.44202401890846,40.89714985171297,0 -72.44197944064983,40.89717911359975,0 -72.44191996004764,40.89717663376004,0 -72.44185447409575,40.89717491164489,0 -72.44178597236954,40.89719474038174,0 -72.44175618068836,40.89723183573659,0 -72.4417351024068,40.89726761347722,0 -72.44170967989788,40.89727899644613,0 -72.44167792618316,40.8972816576421,0 -72.44162142029782,40.897281702041,0 -72.44157729932796,40.89729048906771,0 
					</coordinates>
				</LinearRing>
			</outerBoundaryIs>
		</Polygon>
	</Placemark>
	<Placemark id="0791A234D74030A22BFC">
		<name>shinnecock_hills_hole_5_tee</name>
		<LookAt>
			<longitude>-72.44279114121271</longitude>
			<latitude>40.89734928289356</latitude>
			<altitude>5.750637331001773</altitude>
			<heading>169.5850088836364</heading>
			<tilt>0.50817790586711</tilt>
			<gx:fovy>30</gx:fovy>
			<range>158.2563587085133</range>
			<altitudeMode>absolute</altitudeMode>
		</LookAt>
		<styleUrl>#__managed_style_0B62E1DD0D402FE367CE</styleUrl>
		<Polygon>
			<outerBoundaryIs>
				<LinearRing>
					<coordinates>
						-72.44271367285775,40.89728721770967,0 -72.44265535839688,40.89735117274445,0 -72.44271580487056,40.89738081195797,0 -72.44276974693511,40.89730993880006,0 -72.44271367285775,40.89728721770967,0 
					</coordinates>
				</LinearRing>
			</outerBoundaryIs>
		</Polygon>
	</Placemark>
	<Placemark id="0C89035BC24030A29118">
		<name>shinnecock_hills_hole_18_tee</name>
		<LookAt>
			<longitude>-72.44280751785298</longitude>
			<latitude>40.89794697812557</latitude>
			<altitude>4.929768450550509</altitude>
			<heading>169.5847815444237</heading>
			<tilt>0.508175737676733</tilt>
			<gx:fovy>30</gx:fovy>
			<range>131.089373002942</range>
			<altitudeMode>absolute</altitudeMode>
		</LookAt>
		<styleUrl>#__managed_style_0B62E1DD0D402FE367CE</styleUrl>
		<Polygon>
			<outerBoundaryIs>
				<LinearRing>
					<coordinates>
						-72.44279300820031,40.89800696636455,0 -72.44283936540292,40.89806934348587,0 -72.44290081286817,40.89804178573603,0 -72.44284906019571,40.89798158319898,0 -72.44279300820031,40.89800696636455,0 
					</coordinates>
				</LinearRing>
			</outerBoundaryIs>
		</Polygon>
	</Placemark>
	<Placemark id="0AB090336D4030A2FC66">
		<name>shinnecock_hills_hole_18_tee</name>
		<LookAt>
			<longitude>-72.44223269539209</longitude>
			<latitude>40.8971941770503</latitude>
			<altitude>6.552146156797582</altitude>
			<heading>169.5849996420948</heading>
			<tilt>0.5081733116190302</tilt>
			<gx:fovy>30</gx:fovy>
			<range>100.6901320010547</range>
			<altitudeMode>absolute</altitudeMode>
		</LookAt>
		<styleUrl>#__managed_style_0B62E1DD0D402FE367CE</styleUrl>
		<Polygon>
			<outerBoundaryIs>
				<LinearRing>
					<coordinates>
						-72.44213508875808,40.89726809840733,0 -72.44229993308764,40.8974163589313,0 -72.44244707021619,40.8975985690667,0 -72.44254418295374,40.89771335725187,0 -72.44258796705967,40.89780310475635,0 -72.44267520797035,40.89783089327507,0 -72.44273330875262,40.89779030265555,0 -72.44270122970933,40.8977127297649,0 -72.44256334469439,40.89747283874028,0 -72.44236331913682,40.89718138361677,0 -72.44222621074609,40.89708123978892,0 -72.4421594339117,40.89706476081883,0 -72.44205253621494,40.89711573166068,0 -72.44202572352498,40.89714809211702,0 -72.44213508875808,40.89726809840733,0 
					</coordinates>
				</LinearRing>
			</outerBoundaryIs>
		</Polygon>
	</Placemark>
	<Placemark id="03EF03D3E94030A369C9">
		<name>shinnecock_hills_hole_18_tee</name>
		<LookAt>
			<longitude>-72.44196100989653</longitude>
			<latitude>40.89633706138375</latitude>
			<altitude>5.868776133842548</altitude>
			<heading>169.5852041540659</heading>
			<tilt>0.5081770214464539</tilt>
			<gx:fovy>30</gx:fovy>
			<range>147.2182240230177</range>
			<altitudeMode>absolute</altitudeMode>
		</LookAt>
		<styleUrl>#__managed_style_0B62E1DD0D402FE367CE</styleUrl>
		<Polygon>
			<outerBoundaryIs>
				<LinearRing>
					<coordinates>
						-72.44197959170612,40.89641500673436,0 -72.44195054234599,40.89644437770265,0 -72.44202707495587,40.89649233003254,0 -72.4420573618868,40.89645848809318,0 -72.44197959170612,40.89641500673436,0 
					</coordinates>
				</LinearRing>
			</outerBoundaryIs>
		</Polygon>
	</Placemark>
	<Placemark id="00E37B42AA4030A39A9F">
		<name>shinnecock_hills_hole_18_bunker</name>
		<LookAt>
			<longitude>-72.44153098807877</longitude>
			<latitude>40.89636064217571</latitude>
			<altitude>5.582326939090239</altitude>
			<heading>169.5562773123696</heading>
			<tilt>0.5691741569188913</tilt>
			<gx:fovy>30</gx:fovy>
			<range>134.9663595806487</range>
			<altitudeMode>absolute</altitudeMode>
		</LookAt>
		<styleUrl>#__managed_style_0B62E1DD0D402FE367CE</styleUrl>
		<Polygon>
			<outerBoundaryIs>
				<LinearRing>
					<coordinates>
						-72.44132023246335,40.89637244430333,0 -72.44130017535571,40.89641911864599,0 -72.44133285204649,40.8964618842768,0 -72.44136311743546,40.89645744650385,0 -72.44139724933554,40.89641816580987,0 -72.44143111536333,40.896409637202,0 -72.44142800620122,40.89636440189922,0 -72.4414104098575,40.89634407242342,0 -72.44135936641888,40.8963382938215,0 -72.44132023246335,40.89637244430333,0 
					</coordinates>
				</LinearRing>
			</outerBoundaryIs>
		</Polygon>
	</Placemark>
	<Placemark id="025731DE934030A3D6BE">
		<name>shinnecock_hills_hole_18_bunker</name>
		<LookAt>
			<longitude>-72.44108275432276</longitude>
			<latitude>40.89606291920123</latitude>
			<altitude>9.193408038478719</altitude>
			<heading>169.6134118177625</heading>
			<tilt>0.5100154789643265</tilt>
			<gx:fovy>30</gx:fovy>
			<range>131.3476873478066</range>
			<altitudeMode>absolute</altitudeMode>
		</LookAt>
		<styleUrl>#__managed_style_0B62E1DD0D402FE367CE</styleUrl>
		<Polygon>
			<outerBoundaryIs>
				<LinearRing>
					<coordinates>
						-72.44090103823204,40.89606896031997,0 -72.44087845936032,40.89609793568589,0 -72.44082984997664,40.89612702403055,0 -72.44084548713668,40.89616169551276,0 -72.44088015134729,40.89617799005654,0 -72.44095356655433,40.89616391464043,0 -72.44099763871034,40.89614298611737,0 -72.44105166759068,40.89615393367341,0 -72.44108855865045,40.89613857041464,0 -72.44110164697173,40.89610845253831,0 -72.44106857825723,40.89606948334797,0 -72.44099869746654,40.89604280859862,0 -72.4409408623082,40.89605143631148,0 -72.44090103823204,40.89606896031997,0 
					</coordinates>
				</LinearRing>
			</outerBoundaryIs>
		</Polygon>
	</Placemark>
	<Placemark id="099371778B4030A42CD7">
		<name>shinnecock_hills_hole_18_bunker</name>
		<LookAt>
			<longitude>-72.4403004695686</longitude>
			<latitude>40.89556029888942</latitude>
			<altitude>8.601282849953831</altitude>
			<heading>169.5525407760536</heading>
			<tilt>0.5100144293135598</tilt>
			<gx:fovy>30</gx:fovy>
			<range>118.2413343498411</range>
			<altitudeMode>absolute</altitudeMode>
		</LookAt>
		<styleUrl>#__managed_style_0B62E1DD0D402FE367CE</styleUrl>
		<Polygon>
			<outerBoundaryIs>
				<LinearRing>
					<coordinates>
						-72.44012739728944,40.89568076227837,0 -72.44018778333917,40.895687812616,0 -72.44022304939608,40.89569906909011,0 -72.44024888479261,40.89569213159196,0 -72.44025661344583,40.89566950364011,0 -72.4402407127958,40.89564193203115,0 -72.44017179558493,40.89561800676647,0 -72.44011642349625,40.89562089114445,0 -72.4400954452297,40.89567365582269,0 -72.44012739728944,40.89568076227837,0 
					</coordinates>
				</LinearRing>
			</outerBoundaryIs>
		</Polygon>
	</Placemark>
	<Placemark id="0D4AE2D5714030A455CC">
		<name>shinnecock_hills_hole_18_bunker</name>
		<LookAt>
			<longitude>-72.44007043472452</longitude>
			<latitude>40.89542616909738</latitude>
			<altitude>8.672618747564583</altitude>
			<heading>169.5811119018428</heading>
			<tilt>0.5710539270917108</tilt>
			<gx:fovy>30</gx:fovy>
			<range>118.1709787469845</range>
			<altitudeMode>absolute</altitudeMode>
		</LookAt>
		<styleUrl>#__managed_style_0B62E1DD0D402FE367CE</styleUrl>
		<Polygon>
			<outerBoundaryIs>
				<LinearRing>
					<coordinates>
						-72.43995850981943,40.89539978029946,0 -72.43992820043671,40.89541811663872,0 -72.43991346484374,40.89545631987225,0 -72.43994108242381,40.89547524800226,0 -72.44002237955695,40.89547813673713,0 -72.44007970028943,40.89545423953981,0 -72.44007004668228,40.89540795368922,0 -72.44001012411815,40.89537535543634,0 -72.43995850981943,40.89539978029946,0 
					</coordinates>
				</LinearRing>
			</outerBoundaryIs>
		</Polygon>
	</Placemark>
	<Placemark id="0CC6B540424030A49F3F">
		<name>shinnecock_hills_hole_18_bunker</name>
		<LookAt>
			<longitude>-72.43999180124857</longitude>
			<latitude>40.89535933737594</latitude>
			<altitude>9.13321895487549</altitude>
			<heading>169.6113231583553</heading>
			<tilt>0.4434238673899648</tilt>
			<gx:fovy>30</gx:fovy>
			<range>81.66660162493827</range>
			<altitudeMode>absolute</altitudeMode>
		</LookAt>
		<styleUrl>#__managed_style_0B62E1DD0D402FE367CE</styleUrl>
		<Polygon>
			<outerBoundaryIs>
				<LinearRing>
					<coordinates>
						-72.4397478666783,40.8954028392407,0 -72.43978709552341,40.89542464359856,0 -72.43982921017361,40.89545532525348,0 -72.43988192613037,40.89544856717386,0 -72.43991091758555,40.89540051943776,0 -72.43994304012406,40.89536509265258,0 -72.43991663219069,40.89533820298348,0 -72.43985247349092,40.89532024491098,0 -72.43980862544107,40.89532048735981,0 -72.43976939578866,40.89533080421055,0 -72.43973149849626,40.89536466252508,0 -72.43973318016606,40.8953871087204,0 -72.4397478666783,40.8954028392407,0 
					</coordinates>
				</LinearRing>
			</outerBoundaryIs>
		</Polygon>
	</Placemark>
	<Placemark id="0CEDDBA7EB4030A4D29C">
		<name>shinnecock_hills_hole_18_bunker</name>
		<LookAt>
			<longitude>-72.43952517162073</longitude>
			<latitude>40.89537634007561</latitude>
			<altitude>11.03892036424031</altitude>
			<heading>169.6116883844578</heading>
			<tilt>0.4434240094452224</tilt>
			<gx:fovy>30</gx:fovy>
			<range>83.71800458907273</range>
			<altitudeMode>absolute</altitudeMode>
		</LookAt>
		<styleUrl>#__managed_style_0B62E1DD0D402FE367CE</styleUrl>
		<Polygon>
			<outerBoundaryIs>
				<LinearRing>
					<coordinates>
						-72.43932368915657,40.89545403544517,0 -72.43942263192761,40.89546369246341,0 -72.43948386477969,40.89546270503261,0 -72.43951050565417,40.89543796509081,0 -72.4394955224241,40.89540895791713,0 -72.43946176432144,40.89539489522121,0 -72.43939338899162,40.89539211207897,0 -72.43933275163967,40.89540803658659,0 -72.43930635445091,40.89543344731062,0 -72.43932368915657,40.89545403544517,0 
					</coordinates>
				</LinearRing>
			</outerBoundaryIs>
		</Polygon>
	</Placemark>
	<Placemark id="03556AE0B04030A502B4">
		<name>shinnecock_hills_hole_18_bunker</name>
		<LookAt>
			<longitude>-72.43926909861861</longitude>
			<latitude>40.89522178345893</latitude>
			<altitude>12.16004342306079</altitude>
			<heading>169.5520544194299</heading>
			<tilt>0.567376507289078</tilt>
			<gx:fovy>30</gx:fovy>
			<range>68.65237958442776</range>
			<altitudeMode>absolute</altitudeMode>
		</LookAt>
		<styleUrl>#__managed_style_0B62E1DD0D402FE367CE</styleUrl>
		<Polygon>
			<outerBoundaryIs>
				<LinearRing>
					<coordinates>
						-72.43913547399781,40.89517213854501,0 -72.43911284345536,40.89520230775033,0 -72.43912812336625,40.89523040804715,0 -72.43915766842225,40.89523563474096,0 -72.4391858205025,40.89521711599958,0 -72.43920715141989,40.89519234725708,0 -72.43919980232394,40.8951772619436,0 -72.43916860806532,40.89516731996422,0 -72.43913547399781,40.89517213854501,0 
					</coordinates>
				</LinearRing>
			</outerBoundaryIs>
		</Polygon>
	</Placemark>
	<Placemark id="0487E7A5FF4030A539F3">
		<name>shinnecock_hills_hole_18_bunker</name>
		<LookAt>
			<longitude>-72.43934312507905</longitude>
			<latitude>40.89514860486205</latitude>
			<altitude>11.91975808168565</altitude>
			<heading>169.5804248162258</heading>
			<tilt>0.5673737793859858</tilt>
			<gx:fovy>30</gx:fovy>
			<range>38.02397006887077</range>
			<altitudeMode>absolute</altitudeMode>
		</LookAt>
		<styleUrl>#__managed_style_0B62E1DD0D402FE367CE</styleUrl>
		<Polygon>
			<outerBoundaryIs>
				<LinearRing>
					<coordinates>
						-72.43934813817339,40.89516644305919,0 -72.43936929600383,40.89517022805939,0 -72.43939712122207,40.89517548314273,0 -72.43942328296561,40.89516936674642,0 -72.43944659109069,40.89515697886512,0 -72.43944614537138,40.89513911549827,0 -72.43943366337948,40.89512580932685,0 -72.43940494264969,40.89512251387603,0 -72.43939424728903,40.89513061200773,0 -72.43938195294706,40.89513346700443,0 -72.43936345260985,40.89512875737536,0 -72.43934109981041,40.89513371028522,0 -72.43933539742299,40.89515756763792,0 -72.43934813817339,40.89516644305919,0 
					</coordinates>
				</LinearRing>
			</outerBoundaryIs>
		</Polygon>
	</Placemark>
	<Placemark id="042F8AC91D4030A703B4">
		<name>shinnecock_hills_hole_18_fairway</name>
		<LookAt>
			<longitude>-72.44160681772516</longitude>
			<latitude>40.89661116679873</latitude>
			<altitude>4.56517307952752</altitude>
			<heading>139.3666439098223</heading>
			<tilt>0.137952277552415</tilt>
			<gx:fovy>30</gx:fovy>
			<range>76.43774679817398</range>
			<altitudeMode>absolute</altitudeMode>
		</LookAt>
		<styleUrl>#__managed_style_0B62E1DD0D402FE367CE</styleUrl>
		<Polygon>
			<outerBoundaryIs>
				<LinearRing>
					<coordinates>
						-72.44184849531055,40.89662954999333,0 -72.44192774534818,40.89659805003565,0 -72.44195016468346,40.89654697372204,0 -72.44190547142777,40.89648741603141,0 -72.44190669813547,40.8964423443889,0 -72.44197739454498,40.89635106804521,0 -72.44195245103701,40.89627888732751,0 -72.4417965509617,40.896064496245,0 -72.44166720382437,40.8958862538935,0 -72.44156919139013,40.8957981146006,0 -72.44141937463036,40.89572461503867,0 -72.44120634162054,40.89558313520845,0 -72.44101968982142,40.89545936442517,0 -72.44083280419964,40.895355667562,0 -72.44057606020709,40.89526720227264,0 -72.44043784725906,40.89520789213989,0 -72.44043576807363,40.89517295142842,0 -72.44046069475404,40.89513494834927,0 -72.44014670661217,40.89505264870347,0 -72.44012572747444,40.89508192771929,0 -72.44008464113611,40.89509068610567,0 -72.43999081945462,40.89508581042055,0 -72.43980554678571,40.89506914940322,0 -72.43963136125461,40.89507485870438,0 -72.43951156702946,40.89510184990059,0 -72.43947458801379,40.89512488260044,0 -72.43945031536475,40.89515792884448,0 -72.43941657254513,40.89517586084029,0 -72.43936679483011,40.89517586347104,0 -72.43933319952932,40.89516514815776,0 -72.43930651196538,40.89514546997613,0 -72.43927544465552,40.89513525662019,0 -72.43924034892072,40.89514719798438,0 -72.43922053000854,40.89516629757431,0 -72.43920755698208,40.89520645479769,0 -72.43917723254177,40.89523060202424,0 -72.43912381753384,40.89524585150061,0 -72.43907673084654,40.89524865511606,0 -72.43902517987918,40.89526471490272,0 -72.43900303688858,40.89530089531289,0 -72.43899560354023,40.89535211359872,0 -72.43901885958454,40.89539943873989,0 -72.43905789963563,40.89544915369851,0 -72.43922793989029,40.89554863049019,0 -72.4393803017436,40.89557375846365,0 -72.43951414200308,40.89557139429715,0 -72.43963360259161,40.89550641507081,0 -72.43970745099212,40.89541399223506,0 -72.43972380196529,40.89536116526609,0 -72.43976027919321,40.89532196478199,0 -72.4398336621003,40.89530145998915,0 -72.43990385341196,40.89531238113087,0 -72.44001279020966,40.89535333287071,0 -72.44007022156578,40.89538542688503,0 -72.44010327153194,40.89544098455816,0 -72.44011198373383,40.89550234821186,0 -72.44015133460535,40.89557676215087,0 -72.440248141802,40.89563537791752,0 -72.44027563765685,40.89567150249187,0 -72.44030193532711,40.89573048017722,0 -72.4404265226533,40.89580567704376,0 -72.44059107953434,40.89588296171883,0 -72.44078226299247,40.89597456801906,0 -72.44090905395397,40.89603430234353,0 -72.44098614244776,40.89602963392869,0 -72.44102581349694,40.89603669750308,0 -72.4410882573692,40.89607616596785,0 -72.44111140663054,40.8961117445902,0 -72.44110889664053,40.89617270013338,0 -72.4411384894494,40.89623618416339,0 -72.44122763893105,40.89632760543982,0 -72.44128942594185,40.89634629996731,0 -72.44133304426019,40.8963378122185,0 -72.44139150931716,40.89632915974281,0 -72.44143601523746,40.89635340179418,0 -72.44144487026175,40.89638464033872,0 -72.44142695853124,40.89642821059336,0 -72.44141542732254,40.89644620117001,0 -72.44141492773139,40.89647235634419,0 -72.44143393560175,40.89650953859316,0 -72.44147622299209,40.89654090387189,0 -72.44153646659504,40.89657828758268,0 -72.44165826036054,40.89662713488941,0 -72.44175681747956,40.89664402418527,0 -72.44184849531055,40.89662954999333,0 
					</coordinates>
				</LinearRing>
			</outerBoundaryIs>
		</Polygon>
	</Placemark>
	<Placemark id="0B7911CB924030A7E5B6">
		<name>shinnecock_hills_hole_18_green</name>
		<LookAt>
			<longitude>-72.43940045738259</longitude>
			<latitude>40.89527522002383</latitude>
			<altitude>11.46101885707471</altitude>
			<heading>139.2475275013329</heading>
			<tilt>0.2580517027872463</tilt>
			<gx:fovy>30</gx:fovy>
			<range>103.1623590479649</range>
			<altitudeMode>absolute</altitudeMode>
		</LookAt>
		<styleUrl>#__managed_style_0B62E1DD0D402FE367CE</styleUrl>
		<Polygon>
			<outerBoundaryIs>
				<LinearRing>
					<coordinates>
						-72.43923107549502,40.89542137279644,0 -72.43925919859083,40.89542646598873,0 -72.43930282307909,40.89541270403797,0 -72.43933710809712,40.89539341630156,0 -72.43940757441027,40.89537031083719,0 -72.43948114653051,40.89538864342197,0 -72.43951860452708,40.8953933725023,0 -72.43954057015335,40.89538013675013,0 -72.43955358459812,40.89534395585242,0 -72.43954602659035,40.89527402235773,0 -72.43951672425507,40.89519971063779,0 -72.43947280141066,40.89518077491191,0 -72.4393893787348,40.8951829962141,0 -72.43933112429359,40.89517806380015,0 -72.43928491455746,40.89517077814843,0 -72.43922976184847,40.89519066753316,0 -72.43919715525514,40.89523129902753,0 -72.43915526397721,40.89524363670004,0 -72.43913823530754,40.89526515062444,0 -72.43915115500901,40.89534092110309,0 -72.43920299662454,40.89540156782154,0 -72.43923107549502,40.89542137279644,0 
					</coordinates>
				</LinearRing>
			</outerBoundaryIs>
		</Polygon>
	</Placemark>
</Document>
</kml>
